manuscript_item,output_file,source_script,input_data,reproducible_by,hash
FoRDy/FoRCy proxy metrics,outputs/published/tables/experimental_validation_metrics_by_dataset.csv,validation/experimental_database_validation/reproduce_experimental_validation.py,data/raw_redistributed,R1,9a04fb84dcf177f59633ead9a230c1236eb46b7d254949ea4f9e2d37371e0fb8
Strict force-beneficial screening metrics,outputs/published/tables/strict_screening_metrics_by_dataset.csv,validation/experimental_database_validation/reproduce_experimental_validation.py,data/raw_redistributed,R1,ae112e5d8569db717d7dd316456087a5f0857eae18d05d33dd0bceed00fdaabf
Experimental Demand-Polarity Map,outputs/published/figures/demand_polarity_map_experimental.png,validation/experimental_database_validation/reproduce_experimental_validation.py,data/raw_redistributed,R1,001af73b323330b2a2a164e26cb522e70b58fba23432893672b4c9e295c5a20b
Claim boundary matrix,outputs/published/tables/experimental_claim_boundary_matrix.csv,validation/experimental_database_validation/reproduce_experimental_validation.py,data/raw_redistributed,R1,e067ee0cad3d3a82e1dff4d2eabfcc7050f2ffd45cdeccc8e45aaa304304d096
Independent predictive baseline comparison,outputs/published/tables/baseline_comparison.csv,validation/independent_predictive_validation/reproduce_predictive_validation.py,data/raw_redistributed,R1,065309e622c26d0df29488299117157a6eb33ecc0bd1d470227110ef56a9829c
Independent predictive confusion matrix,outputs/published/tables/predictive_validation_confusion_matrix.csv,validation/independent_predictive_validation/reproduce_predictive_validation.py,data/raw_redistributed,R1,de96292095efe3e44e43e11ea67b2d8dae560ab35f992c142c8f423c07194834
Independent predictive confusion figure,outputs/published/figures/predictive_confusion_matrix.png,validation/independent_predictive_validation/reproduce_predictive_validation.py,data/raw_redistributed,R1,040c6021d969488aad146972d8286c940fb55be3f9dfa5cd7141ae94ba5d233d
Grouped predictive uncertainty,outputs/published/tables/grouped_bootstrap_uncertainty.csv,validation/independent_predictive_validation/reproduce_group_uncertainty_audit.py,validation/independent_predictive_validation/predictive_validation_results.csv,R1,0ff78a855d85897578ca11a702140651c83cdc834f2261e3b2558f219d397df2
Grouped predictive metrics by study,outputs/published/tables/grouped_metric_by_study.csv,validation/independent_predictive_validation/reproduce_group_uncertainty_audit.py,validation/independent_predictive_validation/predictive_validation_results.csv,R1,1ddbc40485ede3a1b4cf7b5a953046ebe976b0c9e829edb14be3a8b5cb9a01f9
Paired grouped baseline comparison,outputs/published/tables/paired_group_baseline_comparison.csv,validation/independent_predictive_validation/reproduce_group_uncertainty_audit.py,validation/independent_predictive_validation/predictive_validation_results.csv,R1,1a1acd1d2d1ed0f368f1255b50f64f96c6d29325b954cd4310fb8190acb0ecf5
Decision-value proxy summary,outputs/published/tables/proxy_decision_value_summary.csv,validation/decision_value_validation/reproduce_decision_value_validation.py,outputs/published/tables/fordy_forcy_master_validation_table.csv,R1,8da8dddb4b62fddfb7947f74b95b4c3c305ced9424cec62deaeffaccf0274c51
Decision-value loss-ratio figure,outputs/published/figures/loss_ratio_sweep.png,validation/decision_value_validation/reproduce_decision_value_validation.py,outputs/published/tables/fordy_forcy_master_validation_table.csv,R1,7eadcd0ddc282fa9db7e779356585e134e3b1dbbc72b9a104d321fdcd51854e4
Decision-value selective-abstention figure,outputs/published/figures/selective_abstention_curve.png,validation/decision_value_validation/reproduce_decision_value_validation.py,outputs/published/tables/fordy_forcy_master_validation_table.csv,R1,bd388c11d39fb9f1793782e6e20f721c45ef4a01761b2d0fac2c380584cde2eb
Failure-mode summary,outputs/published/tables/failure_mode_summary.csv,validation/failure_mode_guardrails/reproduce_failure_mode_guardrails.py,outputs/published/tables/fordy_forcy_master_validation_table.csv,R1,2cf33d74b1d80c9642e9d25d327c7b635122ab1aad6d07717d6cdd141c9af99c
Guardrail application summary,outputs/published/tables/guardrail_application_summary.csv,validation/failure_mode_guardrails/reproduce_failure_mode_guardrails.py,outputs/published/tables/fordy_forcy_master_validation_table.csv,R1,be253ffae6948a2725709c48bbc9b2e21e472f62d0cdb6021da29352f5e9ee7c
Failure-mode atlas figure,outputs/published/figures/failure_mode_map_lambda_rv.png,validation/failure_mode_guardrails/reproduce_failure_mode_guardrails.py,outputs/published/tables/fordy_forcy_master_validation_table.csv,R1,f253286d7f5a3a2f90162900d465c89f9273570f15f879d62cb21967bb06366f
Guardrail tradeoff figure,outputs/published/figures/guardrail_tradeoff.png,validation/failure_mode_guardrails/reproduce_failure_mode_guardrails.py,outputs/published/tables/fordy_forcy_master_validation_table.csv,R1,73005fcef0727ac0d2b4ed24cbd3f7edcf6e5d2c0b214444e9d505eb9392a521
FLIQ false-safe audit rows,outputs/published/tables/fliq_false_safe_audit_rows.csv,validation/fliq_false_safe_audit/reproduce_fliq_false_safe_audit.py,data/raw_redistributed/FLIQ/FLIQ_MainSpreadsheet_unformatted.csv,R1,a21cc5e38a51af93148e72bf70b43f95a4fcad390d8d62bfa289e544a29b6d25
FLIQ guardrail threshold sweep,outputs/published/tables/fliq_guardrail_threshold_sweep.csv,validation/fliq_false_safe_audit/reproduce_fliq_false_safe_audit.py,data/raw_redistributed/FLIQ/FLIQ_MainSpreadsheet_unformatted.csv,R1,d7dc59424c46c666c6d78a1e1838a1313b84518aed6f0c0b978dec0539e708c7
FLIQ false-safe summary,outputs/published/summaries/fliq_false_safe_probe_summary.json,validation/fliq_false_safe_audit/reproduce_fliq_false_safe_audit.py,data/raw_redistributed/FLIQ/FLIQ_MainSpreadsheet_unformatted.csv,R1,87572380c9eef6e74da36fce4f0ce09a1de7a5046e5c64899d1e873e77d2404b
Solver-backed class prediction results,outputs/published/tables/solver_backed_class_prediction_results.csv,validation/solver_backed_class_prediction/reproduce_solver_backed_class_prediction.py,data/raw_redistributed/FoRDy_Mastersheet_v1.0.0_20180821_2322.csv,R1,955dabbef78e39548f0b0b69f8f6e6aaaaddfc5209bac33d9913828054b17792
Solver-backed baseline comparison,outputs/published/tables/solver_backed_baseline_comparison.csv,validation/solver_backed_class_prediction/reproduce_solver_backed_class_prediction.py,data/raw_redistributed/FoRDy_Mastersheet_v1.0.0_20180821_2322.csv,R1,99c3318eb7d22d899a6c911794aa22199172588585de8ed7750581011e35160a
Solver-backed confusion matrix figure,outputs/published/figures/solver_backed_confusion_matrix.png,validation/solver_backed_class_prediction/reproduce_solver_backed_class_prediction.py,data/raw_redistributed/FoRDy_Mastersheet_v1.0.0_20180821_2322.csv,R1,eb346603686cd1be299d9ebcbd02d74ab01aab78077ca933a28cf0bee328b6a2
Solver-backed demand map figure,outputs/published/figures/solver_backed_demand_map.png,validation/solver_backed_class_prediction/reproduce_solver_backed_class_prediction.py,data/raw_redistributed/FoRDy_Mastersheet_v1.0.0_20180821_2322.csv,R1,77c371d8023075951b477bb9afec97ac421d8f9c77c521a108a1944f7b38612a
Conceptual scientific gap figure,outputs/published/figures/gap_decision_layer.png,editorial_gap_figure_generation,manuscript gap architecture,R0,999e3f6077a74bb54cf6c46450f921982287bfc937c8f9a4a9cbc2bf52249a45
Supplementary claim gap matrix Table S3,supplementary_material/claim_gap_matrix_S3.csv,editorial_gap_matrix,manuscript gap architecture,R0,1c6e4e0dd06540ba66c5f16d878ed0df8cfc118572ecc994f129f88d775513d9
