dataset,study_group,test_id,event_no,t0,lambda_hat,n_s_hat,PGA_B,PGV_B,Ia_B,L,B,D,h_cd,observed_class,solver_lambda,solver_RV,solver_Rdelta_total,solver_rotation_ratio,solver_energy_proxy,solver_class,solver_status
FoRDy,Performance of Shallow Foundations,SSG03-1-SHW-3,1,0.06,2.5099800796022267,0.0,0.128,9.2,0.158,2.8,0.65,0.7,1.0,both_beneficial,4.110960958218899,1.0,16.900000000000052,4.78609378187523,4.841067624398575,both_detrimental,openseespy_3d_static_period_shift_proxy
FoRDy,Performance of Shallow Foundations,SSG03-1-SHW-4,2,0.06,2.5099800796022267,0.0,0.49,38.0,3.413,2.8,0.65,0.7,1.0,mixed,4.110960958218899,1.0,16.900000000000052,4.78609378187523,76.5460930420359,both_detrimental,openseespy_3d_static_period_shift_proxy
FoRDy,Performance of Shallow Foundations,SSG03-1-SHW-5,3,0.06,2.5099800796022267,0.0,0.983,56.3,8.032,2.8,0.65,0.7,1.0,mixed,4.110960958218899,1.0,16.900000000000052,4.78609378187523,227.51250121461268,both_detrimental,openseespy_3d_static_period_shift_proxy
FoRDy,Performance of Shallow Foundations,SSG03-1-DSW-3,4,0.05,3.0,0.0,0.128,9.2,0.158,2.8,0.65,0.7,1.0,both_beneficial,5.000000000000012,1.0,25.000000000000124,6.153846153846173,5.888000000000014,both_detrimental,openseespy_3d_static_period_shift_proxy
FoRDy,Performance of Shallow Foundations,SSG03-1-DSW-4,5,0.05,3.0,0.0,0.49,38.0,3.413,2.8,0.65,0.7,1.0,mixed,5.000000000000012,1.0,25.000000000000124,6.153846153846173,93.10000000000024,both_detrimental,openseespy_3d_static_period_shift_proxy
FoRDy,Performance of Shallow Foundations,SSG03-1-DSW-5,6,0.05,3.0,0.0,0.983,56.3,8.032,2.8,0.65,0.7,1.0,mixed,5.000000000000012,1.0,25.000000000000124,6.153846153846173,276.71450000000067,both_detrimental,openseespy_3d_static_period_shift_proxy
FoRDy,Performance of Shallow Foundations,SSG04-1-SHW-3,7,0.06,1.449137674618944,0.0,0.125,10.2,0.19,2.8,0.65,0.0,1.0,both_beneficial,2.073644135332772,1.0,4.299999999999999,1.6517602082042644,2.643896272549284,both_detrimental,openseespy_3d_static_period_shift_proxy
FoRDy,Performance of Shallow Foundations,SSG04-1-SHW-4,8,0.06,1.449137674618944,0.0,0.599,33.1,2.854,2.8,0.65,0.0,1.0,mixed,2.073644135332772,1.0,4.299999999999999,1.6517602082042644,41.113934906829336,both_detrimental,openseespy_3d_static_period_shift_proxy
FoRDy,Performance of Shallow Foundations,SSG04-1-DSW-3,9,0.05,1.7320508075688772,0.0,0.125,10.4,0.2,2.8,0.65,0.0,1.0,both_beneficial,2.645751311064592,1.0,7.000000000000008,2.5319250939455262,3.43947670438397,both_detrimental,openseespy_3d_static_period_shift_proxy
FoRDy,Performance of Shallow Foundations,SSG04-1-DSW-4,10,0.05,1.7320508075688772,0.0,0.528,33.2,3.044,2.8,0.65,0.0,1.0,mixed,2.645751311064592,1.0,7.000000000000008,2.5319250939455262,46.37896218243788,both_detrimental,openseespy_3d_static_period_shift_proxy
FoRDy,Performance of Shallow Foundations,SSG04-1-DSW-5,11,0.05,1.7320508075688772,0.0,0.722,47.9,6.528,2.8,0.65,0.0,1.0,mixed,2.645751311064592,1.0,7.000000000000008,2.5319250939455262,91.50013419159563,both_detrimental,openseespy_3d_static_period_shift_proxy
FoRDy,nan,PWRI_S-1-P-2,12,0.003,2.449489742783178,0.0,0.6,17.6,7.596,0.5,0.5,0.0,0.586,mixed,6.684410780480779,1.0,44.68134748220766,11.368821560961559,70.58737784187703,both_detrimental,openseespy_3d_static_period_shift_proxy
FoRDy,nan,PWRI_S-2-P-1,13,0.003,2.949576240750525,0.0,0.711,71.5,5.705,0.5,0.5,0.05,0.586,mixed,8.0,1.0,64.0,14.0,406.692,both_detrimental,openseespy_3d_static_period_shift_proxy
FoRDy,nan,PWRI_S-4-P-2,15,0.003,2.5495097567963922,0.0,0.557,57.7,3.75,0.5,0.5,0.01,0.586,mixed,7.003533553173612,1.0,49.049482230428595,12.007067106347224,225.08586451209143,both_detrimental,openseespy_3d_static_period_shift_proxy
FoRDy,Innovative Economical Foundations with Improved Performance that is Less Sensitive to Site Conditions,LJD01-1-MD-1,16,1.15,5.495452665613635,-2.0,0.064,7.4,0.034,9.756,6.238,2.24,12.13,both_beneficial,1.2630771589230902,0.6540691153446223,1.0434782608695652,0.5115623497494525,0.5981933424659756,mixed,openseespy_3d_static_period_shift_proxy
FoRDy,Innovative Economical Foundations with Improved Performance that is Less Sensitive to Site Conditions,LJD01-1-MD-2,17,1.15,5.495452665613635,-2.0,0.064,7.3,0.027,9.756,6.238,2.24,12.13,both_beneficial,1.2630771589230902,0.6540691153446223,1.0434782608695652,0.5115623497494525,0.5901096486488677,mixed,openseespy_3d_static_period_shift_proxy
FoRDy,Innovative Economical Foundations with Improved Performance that is Less Sensitive to Site Conditions,LJD01-1-MD-4,19,1.15,5.495452665613635,-2.0,0.15,19.0,0.219,9.756,6.238,2.24,12.13,both_beneficial,1.2630771589230902,0.6540691153446223,1.0434782608695652,0.5115623497494525,3.5997699029308072,mixed,openseespy_3d_static_period_shift_proxy
FoRDy,Innovative Economical Foundations with Improved Performance that is Less Sensitive to Site Conditions,LJD01-1-MD-5,20,1.15,5.495452665613635,-2.0,0.075,10.5,0.177,9.756,6.238,2.24,12.13,both_beneficial,1.2630771589230902,0.6540691153446223,1.0434782608695652,0.5115623497494525,0.9946732626519336,mixed,openseespy_3d_static_period_shift_proxy
FoRDy,Innovative Economical Foundations with Improved Performance that is Less Sensitive to Site Conditions,LJD01-1-MD-6,21,1.15,5.495452665613635,-2.0,0.076,10.2,0.171,9.756,6.238,2.24,12.13,both_beneficial,1.2630771589230902,0.6540691153446224,1.0434782608695654,0.5115623497494525,0.9791374135971794,mixed,openseespy_3d_static_period_shift_proxy
FoRDy,Innovative Economical Foundations with Improved Performance that is Less Sensitive to Site Conditions,LJD01-1-MD-7,22,1.15,5.495452665613635,-2.0,0.345,32.2,0.728,9.756,6.238,2.24,12.13,both_beneficial,1.2630771589230902,0.6540691153446222,1.043478260869565,0.5115623497494525,14.031524158476609,mixed,openseespy_3d_static_period_shift_proxy
FoRDy,Innovative Economical Foundations with Improved Performance that is Less Sensitive to Site Conditions,LJD01-1-MD-8,23,1.15,5.495452665613635,-2.0,0.468,47.9,1.763,9.756,6.238,2.24,12.13,mixed,1.2630771589230902,0.6540691153446223,1.0434782608695652,0.5115623497494525,28.3146532870107,mixed,openseespy_3d_static_period_shift_proxy
FoRDy,Innovative Economical Foundations with Improved Performance that is Less Sensitive to Site Conditions,LJD01-1-MD-9,24,1.15,5.495452665613635,-2.0,0.688,70.3,5.393,9.756,6.238,2.24,12.13,mixed,1.2630771589230902,0.6540691153446223,1.0434782608695652,0.5115623497494525,61.090495099337744,mixed,openseespy_3d_static_period_shift_proxy
FoRDy,Innovative Economical Foundations with Improved Performance that is Less Sensitive to Site Conditions,LJD01-1-SD-1,25,1.15,3.8078865529319543,-2.0,0.064,7.4,0.034,6.698,4.283,2.24,12.13,both_beneficial,1.1292713855488725,0.8182514021588462,1.0434782608695656,0.3661129831211356,0.534822928195946,mixed,openseespy_3d_static_period_shift_proxy
FoRDy,Innovative Economical Foundations with Improved Performance that is Less Sensitive to Site Conditions,LJD01-1-SD-2,26,1.15,3.8078865529319543,-2.0,0.064,7.3,0.027,6.698,4.283,2.24,12.13,both_beneficial,1.1292713855488725,0.8182514021588462,1.0434782608695656,0.3661129831211356,0.5275955913284333,mixed,openseespy_3d_static_period_shift_proxy
FoRDy,Innovative Economical Foundations with Improved Performance that is Less Sensitive to Site Conditions,LJD01-1-SD-5,29,1.15,3.8078865529319543,-2.0,0.075,10.5,0.177,6.698,4.283,2.24,12.13,both_beneficial,1.1292713855488725,0.8182514021588461,1.0434782608695654,0.3661129831211356,0.8893012161197371,mixed,openseespy_3d_static_period_shift_proxy
FoRDy,Innovative Economical Foundations with Improved Performance that is Less Sensitive to Site Conditions,LJD01-1-SD-6,30,1.15,3.8078865529319543,-2.0,0.076,10.2,0.171,6.698,4.283,2.24,12.13,both_beneficial,1.1292713855488725,0.8182514021588461,1.0434782608695654,0.3661129831211356,0.8754111780774858,mixed,openseespy_3d_static_period_shift_proxy
FoRDy,Innovative Economical Foundations with Improved Performance that is Less Sensitive to Site Conditions,LJD01-1-SD-8,32,1.15,3.8078865529319543,-2.0,0.468,47.9,1.763,6.698,4.283,2.24,12.13,mixed,1.1292713855488725,0.818251402158846,1.0434782608695652,0.3661129831211356,25.315102504126187,mixed,openseespy_3d_static_period_shift_proxy
FoRDy,Innovative Economical Foundations with Improved Performance that is Less Sensitive to Site Conditions,LJD01-1-SD-9,33,1.15,3.8078865529319543,-2.0,0.688,70.3,5.393,6.698,4.283,2.24,12.13,mixed,1.1292713855488725,0.8182514021588461,1.0434782608695654,0.3661129831211356,54.61879154201098,mixed,openseespy_3d_static_period_shift_proxy
FoRDy,Innovative Economical Foundations with Improved Performance that is Less Sensitive to Site Conditions,LJD01-3-MD-3,34,1.15,5.495452665613635,-2.0,0.078,9.9,0.035,9.756,6.238,2.24,12.13,both_beneficial,1.2630771589230902,0.6540691153446224,1.0434782608695654,0.5115623497494525,0.9753481821204103,mixed,openseespy_3d_static_period_shift_proxy
FoRDy,Innovative Economical Foundations with Improved Performance that is Less Sensitive to Site Conditions,LJD01-3-MD-4,35,1.15,5.495452665613635,-2.0,0.153,19.5,0.162,9.756,6.238,2.24,12.13,both_beneficial,1.2630771589230902,0.6540691153446223,1.0434782608695652,0.5115623497494525,3.7683907036470394,mixed,openseespy_3d_static_period_shift_proxy
FoRDy,Innovative Economical Foundations with Improved Performance that is Less Sensitive to Site Conditions,LJD01-3-MD-5,36,1.15,5.495452665613635,-2.0,0.367,35.3,0.773,9.756,6.238,2.24,12.13,both_beneficial,1.2630771589230902,0.6540691153446222,1.043478260869565,0.5115623497494525,16.363290901564525,mixed,openseespy_3d_static_period_shift_proxy
FoRDy,Innovative Economical Foundations with Improved Performance that is Less Sensitive to Site Conditions,LJD01-3-MD-6,37,1.15,5.495452665613635,-2.0,0.476,48.4,1.599,9.756,6.238,2.24,12.13,mixed,1.2630771589230902,0.6540691153446223,1.0434782608695652,0.5115623497494525,29.09927681813372,mixed,openseespy_3d_static_period_shift_proxy
FoRDy,Innovative Economical Foundations with Improved Performance that is Less Sensitive to Site Conditions,LJD01-3-MD-7,38,1.15,5.495452665613635,-2.0,0.674,70.2,5.418,9.756,6.238,2.24,12.13,mixed,1.2630771589230902,0.6540691153446222,1.043478260869565,0.5115623497494525,59.76224315901424,mixed,openseespy_3d_static_period_shift_proxy
FoRDy,Innovative Economical Foundations with Improved Performance that is Less Sensitive to Site Conditions,LJD01-3-SD-3,39,1.15,3.8078865529319543,-2.0,0.078,9.9,0.035,6.698,4.283,2.24,12.13,both_beneficial,1.1292713855488725,0.8182514021588462,1.0434782608695656,0.3661129831211356,0.8720233639208393,mixed,openseespy_3d_static_period_shift_proxy
FoRDy,Innovative Economical Foundations with Improved Performance that is Less Sensitive to Site Conditions,LJD01-3-SD-4,40,1.15,3.8078865529319543,-2.0,0.153,19.5,0.162,6.698,4.283,2.24,12.13,both_beneficial,1.1292713855488725,0.8182514021588461,1.0434782608695654,0.3661129831211356,3.3691811787850607,mixed,openseespy_3d_static_period_shift_proxy
FoRDy,Innovative Economical Foundations with Improved Performance that is Less Sensitive to Site Conditions,LJD01-3-SD-5,41,1.15,3.8078865529319543,-2.0,0.367,35.3,0.773,6.698,4.283,2.24,12.13,both_beneficial,1.1292713855488725,0.8182514021588461,1.0434782608695654,0.3661129831211356,14.629823726924196,mixed,openseespy_3d_static_period_shift_proxy
FoRDy,Innovative Economical Foundations with Improved Performance that is Less Sensitive to Site Conditions,LJD01-3-SD-6,42,1.15,3.8078865529319543,-2.0,0.476,48.4,1.599,6.698,4.283,2.24,12.13,mixed,1.1292713855488725,0.8182514021588461,1.0434782608695654,0.3661129831211356,26.016605888829144,mixed,openseespy_3d_static_period_shift_proxy
FoRDy,Innovative Economical Foundations with Improved Performance that is Less Sensitive to Site Conditions,LJD01-3-SD-7,43,1.15,3.8078865529319543,-2.0,0.674,70.2,5.418,6.698,4.283,2.24,12.13,mixed,1.1292713855488725,0.818251402158846,1.0434782608695652,0.3661129831211356,53.4312497529678,mixed,openseespy_3d_static_period_shift_proxy
FoRDy,Innovative Economical Foundations with Improved Performance that is Less Sensitive to Site Conditions,LJD03-1-SF-2,44,0.48,3.1622776601683795,-1.7805055245735428,0.092,10.3,0.045,7.35,4.7,2.24,12.13,both_beneficial,1.0878890452674759,0.9192113886523537,1.0878890452674757,0.22682853597754943,1.0308836592954602,mixed,openseespy_3d_static_period_shift_proxy
FoRDy,Innovative Economical Foundations with Improved Performance that is Less Sensitive to Site Conditions,LJD03-1-SF-3,45,0.48,3.1622776601683795,-1.6181699292545888,0.153,19.7,0.195,7.35,4.7,2.24,12.13,both_beneficial,1.0878890452674759,0.919211388652354,1.0878890452674759,0.22682853597754943,3.279006371340699,mixed,openseespy_3d_static_period_shift_proxy
FoRDy,Innovative Economical Foundations with Improved Performance that is Less Sensitive to Site Conditions,LJD03-1-SF-4,46,0.48,3.1622776601683795,-1.459807437159339,0.037,7.5,0.038,7.35,4.7,2.24,12.13,both_beneficial,1.0878890452674759,0.9192113886523539,1.0878890452674759,0.22682853597754943,0.30188921006172453,mixed,openseespy_3d_static_period_shift_proxy
FoRDy,Innovative Economical Foundations with Improved Performance that is Less Sensitive to Site Conditions,LJD03-1-SF-5,47,0.48,3.1622776601683795,-1.407035264173479,0.045,10.1,0.05,7.35,4.7,2.24,12.13,both_beneficial,1.0878890452674759,0.9192113886523539,1.0878890452674759,0.22682853597754943,0.4944455710740677,mixed,openseespy_3d_static_period_shift_proxy
FoRDy,Innovative Economical Foundations with Improved Performance that is Less Sensitive to Site Conditions,LJD03-1-SF-7,48,0.48,3.1622776601683795,-1.770722440063024,0.085,9.9,0.039,7.35,4.7,2.24,12.13,both_beneficial,1.0878890452674759,0.9192113886523537,1.0878890452674757,0.22682853597754943,0.9154586315925811,mixed,openseespy_3d_static_period_shift_proxy
FoRDy,Innovative Economical Foundations with Improved Performance that is Less Sensitive to Site Conditions,LJD03-1-SF-8,49,0.48,3.1622776601683795,-1.8754629452943148,0.438,44.1,1.639,7.35,4.7,2.24,12.13,mixed,1.0878890452674759,0.9192113886523539,1.0878890452674759,0.22682853597754943,21.01344722057751,mixed,openseespy_3d_static_period_shift_proxy
FoRDy,Innovative Economical Foundations with Improved Performance that is Less Sensitive to Site Conditions,LJD03-1-SF-9,50,0.48,3.1622776601683795,-1.315624291378681,0.218,29.5,1.062,7.35,4.7,2.24,12.13,mixed,1.0878890452674759,0.9192113886523539,1.0878890452674759,0.22682853597754943,6.996214450115137,mixed,openseespy_3d_static_period_shift_proxy
FoRDy,Innovative Economical Foundations with Improved Performance that is Less Sensitive to Site Conditions,LJD03-1-SF-11,51,0.48,3.1622776601683795,-1.7542036100804734,0.595,65.2,4.536,7.35,4.7,2.24,12.13,mixed,1.0878890452674759,0.9192113886523539,1.0878890452674759,0.22682853597754943,42.203567622106455,mixed,openseespy_3d_static_period_shift_proxy
FoRDy,Innovative Economical Foundations with Improved Performance that is Less Sensitive to Site Conditions,LJD03-1-SF-12,52,0.48,3.1622776601683795,-1.624019035289222,0.882,79.8,6.65,7.35,4.7,2.24,12.13,mixed,1.0878890452674759,0.9192113886523539,1.0878890452674759,0.22682853597754943,76.56954740648791,mixed,openseespy_3d_static_period_shift_proxy
FoRDy,Innovative Economical Foundations with Improved Performance that is Less Sensitive to Site Conditions,LJD03-1-SF-13,53,0.48,3.1622776601683795,-1.2816536315226028,0.229,38.4,1.167,7.35,4.7,2.24,12.13,mixed,1.0878890452674759,0.9192113886523537,1.0878890452674757,0.22682853597754943,9.566461108464075,mixed,openseespy_3d_static_period_shift_proxy
FoRDy,Innovative Economical Foundations with Improved Performance that is Less Sensitive to Site Conditions,LJD03-1-SF-14,54,0.48,3.1622776601683795,-1.505690770237747,0.431,50.5,2.03,7.35,4.7,2.24,12.13,mixed,1.0878890452674759,0.9192113886523539,1.0878890452674759,0.22682853597754943,23.678449014769246,mixed,openseespy_3d_static_period_shift_proxy
FoRDy,Innovative Economical Foundations with Improved Performance that is Less Sensitive to Site Conditions,LJD03-1-SF-15,55,0.48,3.1622776601683795,-0.7197853929791911,0.29,54.9,1.352,7.35,4.7,2.24,12.13,mixed,1.0878890452674759,0.9192113886523539,1.0878890452674759,0.22682853597754943,17.320281489703483,mixed,openseespy_3d_static_period_shift_proxy
FoRDy,Innovative Economical Foundations with Improved Performance that is Less Sensitive to Site Conditions,LJD03-1-SF-16,56,0.48,3.1622776601683795,-0.4591845980940478,0.407,71.6,2.517,7.35,4.7,2.24,12.13,both_detrimental,1.0878890452674759,0.919211388652354,1.0878890452674759,0.22682853597754943,31.702392245948563,mixed,openseespy_3d_static_period_shift_proxy
FoRDy,Innovative Economical Foundations with Improved Performance that is Less Sensitive to Site Conditions,LJD03-1-SF-17,57,0.48,3.1622776601683795,-0.4576942763304242,0.402,71.9,2.49,7.35,4.7,2.24,12.13,both_detrimental,1.0878890452674759,0.919211388652354,1.0878890452674759,0.22682853597754943,31.444127386602073,mixed,openseespy_3d_static_period_shift_proxy
FoRDy,Innovative Economical Foundations with Improved Performance that is Less Sensitive to Site Conditions,LJD03-1-SF-18,58,0.48,3.1622776601683795,-0.4539363875047762,0.395,71.5,2.444,7.35,4.7,2.24,12.13,both_detrimental,1.0878890452674759,0.9192113886523539,1.0878890452674759,0.22682853597754943,30.724706360966685,mixed,openseespy_3d_static_period_shift_proxy
FoRDy,Innovative Economical Foundations with Improved Performance that is Less Sensitive to Site Conditions,LJD03-1-SF-19,59,0.48,3.1622776601683795,-0.4531814209524158,0.393,70.9,2.406,7.35,4.7,2.24,12.13,both_detrimental,1.0878890452674759,0.9192113886523539,1.0878890452674759,0.22682853597754943,30.312613990619372,mixed,openseespy_3d_static_period_shift_proxy
FoRDy,Innovative Economical Foundations with Improved Performance that is Less Sensitive to Site Conditions,LJD03-1-SF-20,60,0.48,3.1622776601683795,-1.2842989765735053,0.222,37.3,1.147,7.35,4.7,2.24,12.13,mixed,1.0878890452674759,0.9192113886523539,1.0878890452674759,0.22682853597754943,9.00837402824186,mixed,openseespy_3d_static_period_shift_proxy
FoRDy,Innovative Economical Foundations with Improved Performance that is Less Sensitive to Site Conditions,LJD03-1-ISF-2,61,0.48,,,0.092,10.3,0.045,7.35,4.7,2.24,12.13,both_beneficial,,,,,,uncertain,openseespy_3d_static_period_shift_proxy
FoRDy,Innovative Economical Foundations with Improved Performance that is Less Sensitive to Site Conditions,LJD03-1-ISF-3,62,0.48,,,0.153,19.7,0.195,7.35,4.7,2.24,12.13,both_beneficial,,,,,,uncertain,openseespy_3d_static_period_shift_proxy
FoRDy,Innovative Economical Foundations with Improved Performance that is Less Sensitive to Site Conditions,LJD03-1-ISF-4,63,0.48,,,0.037,7.5,0.038,7.35,4.7,2.24,12.13,both_beneficial,,,,,,uncertain,openseespy_3d_static_period_shift_proxy
FoRDy,Innovative Economical Foundations with Improved Performance that is Less Sensitive to Site Conditions,LJD03-1-ISF-5,64,0.48,,,0.045,10.1,0.05,7.35,4.7,2.24,12.13,both_beneficial,,,,,,uncertain,openseespy_3d_static_period_shift_proxy
FoRDy,Innovative Economical Foundations with Improved Performance that is Less Sensitive to Site Conditions,LJD03-1-ISF-7,65,0.48,,,0.085,9.9,0.039,7.35,4.7,2.24,12.13,both_beneficial,,,,,,uncertain,openseespy_3d_static_period_shift_proxy
FoRDy,Innovative Economical Foundations with Improved Performance that is Less Sensitive to Site Conditions,LJD03-1-ISF-8,66,0.48,,,0.438,44.1,1.639,7.35,4.7,2.24,12.13,mixed,,,,,,uncertain,openseespy_3d_static_period_shift_proxy
FoRDy,Innovative Economical Foundations with Improved Performance that is Less Sensitive to Site Conditions,LJD03-1-ISF-9,67,0.48,,,0.218,29.5,1.062,7.35,4.7,2.24,12.13,mixed,,,,,,uncertain,openseespy_3d_static_period_shift_proxy
FoRDy,Innovative Economical Foundations with Improved Performance that is Less Sensitive to Site Conditions,LJD03-1-ISF-11,68,0.48,,,0.595,65.2,4.536,7.35,4.7,2.24,12.13,both_detrimental,,,,,,uncertain,openseespy_3d_static_period_shift_proxy
FoRDy,Innovative Economical Foundations with Improved Performance that is Less Sensitive to Site Conditions,LJD03-1-ISF-12,69,0.48,,,0.882,79.8,6.65,7.35,4.7,2.24,12.13,both_detrimental,,,,,,uncertain,openseespy_3d_static_period_shift_proxy
FoRDy,Innovative Economical Foundations with Improved Performance that is Less Sensitive to Site Conditions,LJD03-1-ISF-13,70,0.48,,,0.229,38.4,1.167,7.35,4.7,2.24,12.13,both_detrimental,,,,,,uncertain,openseespy_3d_static_period_shift_proxy
FoRDy,Innovative Economical Foundations with Improved Performance that is Less Sensitive to Site Conditions,LJD03-1-ISF-14,71,0.48,,,0.431,50.5,2.03,7.35,4.7,2.24,12.13,both_detrimental,,,,,,uncertain,openseespy_3d_static_period_shift_proxy
FoRDy,Innovative Economical Foundations with Improved Performance that is Less Sensitive to Site Conditions,LJD03-1-ISF-15,72,0.48,,,0.29,54.9,1.352,7.35,4.7,2.24,12.13,both_detrimental,,,,,,uncertain,openseespy_3d_static_period_shift_proxy
FoRDy,Innovative Economical Foundations with Improved Performance that is Less Sensitive to Site Conditions,LJD03-1-ISF-16,73,0.48,,,0.407,71.6,2.517,7.35,4.7,2.24,12.13,both_detrimental,,,,,,uncertain,openseespy_3d_static_period_shift_proxy
FoRDy,Innovative Economical Foundations with Improved Performance that is Less Sensitive to Site Conditions,LJD03-1-ISF-17,74,0.48,,,0.402,71.9,2.49,7.35,4.7,2.24,12.13,both_detrimental,,,,,,uncertain,openseespy_3d_static_period_shift_proxy
FoRDy,Innovative Economical Foundations with Improved Performance that is Less Sensitive to Site Conditions,LJD03-1-ISF-18,75,0.48,,,0.395,71.5,2.444,7.35,4.7,2.24,12.13,both_detrimental,,,,,,uncertain,openseespy_3d_static_period_shift_proxy
FoRDy,Innovative Economical Foundations with Improved Performance that is Less Sensitive to Site Conditions,LJD03-1-ISF-19,76,0.48,,,0.393,70.9,2.406,7.35,4.7,2.24,12.13,both_detrimental,,,,,,uncertain,openseespy_3d_static_period_shift_proxy
FoRDy,Innovative Economical Foundations with Improved Performance that is Less Sensitive to Site Conditions,LJD03-1-ISF-20,77,0.48,,,0.222,37.3,1.147,7.35,4.7,2.24,12.13,both_detrimental,,,,,,uncertain,openseespy_3d_static_period_shift_proxy
FoRDy,NEESR-CR: Design of Soil and Structure Compatible Yielding to Improve System Performance,MAH01-1-SDm-4,78,0.379,2.073644135332772,-2.0000000000000004,0.119,10.1,0.074,3.33,3.33,0.3,5.34,both_beneficial,1.1606801396454376,0.9093021711379138,1.2249922318157653,0.25766725096295395,1.3950214598398514,mixed,openseespy_3d_static_period_shift_proxy
FoRDy,NEESR-CR: Design of Soil and Structure Compatible Yielding to Improve System Performance,MAH01-1-SDm-5,79,0.379,2.073644135332772,-1.746394214301107,0.26,19.0,0.329,3.33,3.33,0.3,5.34,mixed,1.1606801396454376,0.9093021711379137,1.2249922318157653,0.25766725096295395,5.7337598898484625,mixed,openseespy_3d_static_period_shift_proxy
FoRDy,NEESR-CR: Design of Soil and Structure Compatible Yielding to Improve System Performance,MAH01-1-SDm-6,80,0.379,2.073644135332772,-1.76760600978022,0.123,11.1,0.335,3.33,3.33,0.3,5.34,both_beneficial,1.1606801396454376,0.9093021711379138,1.2249922318157653,0.25766725096295395,1.584676594657916,mixed,openseespy_3d_static_period_shift_proxy
FoRDy,NEESR-CR: Design of Soil and Structure Compatible Yielding to Improve System Performance,MAH01-1-SDm-8,81,0.379,2.073644135332772,-1.574244520186916,0.129,9.0,0.093,3.33,3.33,0.3,5.34,both_beneficial,1.1606801396454376,0.9093021711379138,1.2249922318157653,0.25766725096295395,1.347549642128353,mixed,openseespy_3d_static_period_shift_proxy
FoRDy,NEESR-CR: Design of Soil and Structure Compatible Yielding to Improve System Performance,MAH01-1-SDm-9,82,0.379,2.073644135332772,-2.0000000000000004,0.571,36.4,2.074,3.33,3.33,0.3,5.34,mixed,1.1606801396454376,0.9093021711379137,1.2249922318157653,0.25766725096295395,24.12404029444663,mixed,openseespy_3d_static_period_shift_proxy
FoRDy,NEESR-CR: Design of Soil and Structure Compatible Yielding to Improve System Performance,MAH01-1-SDm-10,83,0.379,2.073644135332772,-1.8526422568243017,0.558,29.1,1.73,3.33,3.33,0.3,5.34,mixed,1.1606801396454376,0.9093021711379137,1.2249922318157653,0.25766725096295395,18.846891971534692,mixed,openseespy_3d_static_period_shift_proxy
FoRDy,NEESR-CR: Design of Soil and Structure Compatible Yielding to Improve System Performance,MAH01-1-SDm-11,84,0.759,1.6431676725154984,-1.8915498141835745,0.63,62.2,4.219,6.66,6.66,0.6,10.68,mixed,1.0221117199049268,0.9783666310890324,1.0221117199049266,0.03545843372141411,40.05246985619446,mixed,openseespy_3d_static_period_shift_proxy
FoRDy,NEESR-CR: Design of Soil and Structure Compatible Yielding to Improve System Performance,MAH01-1-SDm-12,85,0.759,1.6431676725154984,-1.9999999999999996,0.576,70.1,6.524,6.66,6.66,0.6,10.68,mixed,1.0221117199049268,0.9783666310890325,1.0221117199049268,0.03545843372141411,41.27041818163317,mixed,openseespy_3d_static_period_shift_proxy
FoRDy,NEESR-CR: Design of Soil and Structure Compatible Yielding to Improve System Performance,MAH01-1-SDm-14,86,0.19,2.7386127875258306,-1.8681095020203864,0.443,20.1,0.695,1.665,1.665,0.15,2.67,mixed,1.9327040290391047,1.0,3.7353448638639883,1.4956875420627083,17.2093764857729,both_detrimental,openseespy_3d_static_period_shift_proxy
FoRDy,NEESR-CR: Design of Soil and Structure Compatible Yielding to Improve System Performance,MAH01-1-SDm-15,87,0.19,2.7386127875258306,-1.8773003417961935,0.528,15.0,0.694,1.665,1.665,0.15,2.67,mixed,1.9327040290391047,1.0,3.7353448638639883,1.4956875420627083,15.307015909989708,both_detrimental,openseespy_3d_static_period_shift_proxy
FoRDy,NEESR-CR: Design of Soil and Structure Compatible Yielding to Improve System Performance,MAH01-1-SDm-16,88,0.19,2.7386127875258306,-2.0,1.108,37.8,5.073,1.665,1.665,0.15,2.67,both_detrimental,1.9327040290391047,1.0,3.7353448638639883,1.4956875420627083,80.94628322582739,both_detrimental,openseespy_3d_static_period_shift_proxy
FoRDy,NEESR-CR: Design of Soil and Structure Compatible Yielding to Improve System Performance,MAH01-1-SDm-17,89,0.19,2.7386127875258306,-1.9742166385791908,1.22,30.0,4.084,1.665,1.665,0.15,2.67,both_detrimental,1.9327040290391047,1.0,3.7353448638639883,1.4956875420627083,70.73696746283123,both_detrimental,openseespy_3d_static_period_shift_proxy
FoRDy,NEESR-CR: Design of Soil and Structure Compatible Yielding to Improve System Performance,MAH01-1-SDm-18,90,0.379,2.073644135332772,-1.728172710833746,0.02,1.2,0.004,3.33,3.33,0.3,5.34,mixed,1.1606801396454376,0.9093021711379138,1.2249922318157653,0.25766725096295395,0.027856323351490502,mixed,openseespy_3d_static_period_shift_proxy
FoRDy,NEESR-CR: Design of Soil and Structure Compatible Yielding to Improve System Performance,MAH01-1-SDm-20,91,0.379,2.073644135332772,-1.804750413512643,0.366,19.7,0.681,3.33,3.33,0.3,5.34,mixed,1.1606801396454376,0.9093021711379137,1.2249922318157653,0.25766725096295395,8.368735942871533,mixed,openseespy_3d_static_period_shift_proxy
FoRDy,NEESR-CR: Design of Soil and Structure Compatible Yielding to Improve System Performance,MAH01-1-SDm-21,92,0.379,2.073644135332772,-1.9927833321851658,0.541,34.4,1.89,3.33,3.33,0.3,5.34,mixed,1.1606801396454376,0.9093021711379138,1.2249922318157653,0.25766725096295395,21.600721670857453,mixed,openseespy_3d_static_period_shift_proxy
FoRDy,NEESR-CR: Design of Soil and Structure Compatible Yielding to Improve System Performance,MAH01-1-SDm-22,93,0.379,2.073644135332772,-1.8300844130670675,0.554,28.6,1.632,3.33,3.33,0.3,5.34,mixed,1.1606801396454376,0.9093021711379138,1.2249922318157653,0.25766725096295395,18.390280404598172,mixed,openseespy_3d_static_period_shift_proxy
FoRDy,NEESR-CR: Design of Soil and Structure Compatible Yielding to Improve System Performance,MAH01-1-LDm-4,94,0.326,2.9832867780352594,-1.8670225098304343,0.119,10.1,0.074,3.208,5.281,0.3,6.593,both_beneficial,1.2430740431175944,0.9870641832029644,1.5252442246841649,0.3034628226234236,1.4940506924230366,mixed,openseespy_3d_static_period_shift_proxy
FoRDy,NEESR-CR: Design of Soil and Structure Compatible Yielding to Improve System Performance,MAH01-1-LDm-5,95,0.326,2.9832867780352594,-1.6929665541528964,0.26,19.0,0.329,3.208,5.281,0.3,6.593,mixed,1.2430740431175944,0.9870641832029644,1.5252442246841649,0.3034628226234236,6.140785773000917,mixed,openseespy_3d_static_period_shift_proxy
FoRDy,NEESR-CR: Design of Soil and Structure Compatible Yielding to Improve System Performance,MAH01-1-LDm-6,96,0.326,2.9832867780352594,-1.707119855986891,0.123,11.1,0.335,3.208,5.281,0.3,6.593,both_beneficial,1.2430740431175944,0.9870641832029643,1.5252442246841647,0.3034628226234236,1.6971689910684515,mixed,openseespy_3d_static_period_shift_proxy
FoRDy,NEESR-CR: Design of Soil and Structure Compatible Yielding to Improve System Performance,MAH01-1-LDm-8,97,0.326,2.9832867780352594,-1.5781018514535325,0.129,9.0,0.093,3.208,5.281,0.3,6.593,both_beneficial,1.2430740431175944,0.9870641832029644,1.5252442246841649,0.3034628226234236,1.4432089640595271,mixed,openseespy_3d_static_period_shift_proxy
FoRDy,NEESR-CR: Design of Soil and Structure Compatible Yielding to Improve System Performance,MAH01-1-LDm-9,98,0.326,2.9832867780352594,-1.8817002303498855,0.571,36.4,2.074,3.208,5.281,0.3,6.593,mixed,1.2430740431175944,0.9870641832029644,1.5252442246841649,0.3034628226234236,25.836548141773328,mixed,openseespy_3d_static_period_shift_proxy
FoRDy,NEESR-CR: Design of Soil and Structure Compatible Yielding to Improve System Performance,MAH01-1-LDm-10,99,0.326,2.9832867780352594,-1.7638592146343075,0.558,29.1,1.73,3.208,5.281,0.3,6.593,mixed,1.2430740431175944,0.9870641832029643,1.5252442246841647,0.3034628226234236,20.18478769733488,mixed,openseespy_3d_static_period_shift_proxy
FoRDy,NEESR-CR: Design of Soil and Structure Compatible Yielding to Improve System Performance,MAH01-1-LDm-11,100,0.652,2.32379000772445,-1.755910207716889,0.63,62.2,4.219,6.416,10.56,0.6,13.19,mixed,1.0372427346247095,0.9640944849440816,1.0372427346247095,0.046518150539765,40.64539379900387,mixed,openseespy_3d_static_period_shift_proxy
FoRDy,NEESR-CR: Design of Soil and Structure Compatible Yielding to Improve System Performance,MAH01-1-LDm-12,101,0.652,2.32379000772445,-2.0,0.576,70.1,6.524,6.416,10.56,0.6,13.19,mixed,1.0372427346247095,0.9640944849440818,1.0372427346247097,0.046518150539765,41.88137224158267,mixed,openseespy_3d_static_period_shift_proxy
FoRDy,NEESR-CR: Design of Soil and Structure Compatible Yielding to Improve System Performance,MAH01-1-LDm-14,102,0.163,3.96232255123179,-1.7921696369854851,0.443,20.1,0.695,1.604,2.64,0.15,3.297,both_detrimental,2.248768488393155,1.0,5.056959714390035,1.5595415553909968,20.023709251199172,both_detrimental,openseespy_3d_static_period_shift_proxy
FoRDy,NEESR-CR: Design of Soil and Structure Compatible Yielding to Improve System Performance,MAH01-1-LDm-15,103,0.163,3.96232255123179,-1.7988947395889066,0.528,15.0,0.694,1.604,2.64,0.15,3.297,both_detrimental,2.248768488393155,1.0,5.056959714390035,1.5595415553909968,17.810246428073786,both_detrimental,openseespy_3d_static_period_shift_proxy
FoRDy,NEESR-CR: Design of Soil and Structure Compatible Yielding to Improve System Performance,MAH01-1-LDm-16,104,0.163,3.96232255123179,-1.9652002474517396,1.108,37.8,5.073,1.604,2.64,0.15,3.297,both_detrimental,2.248768488393155,1.0,5.056959714390035,1.5595415553909968,94.18382133827747,both_detrimental,openseespy_3d_static_period_shift_proxy
FoRDy,NEESR-CR: Design of Soil and Structure Compatible Yielding to Improve System Performance,MAH01-1-LDm-17,105,0.163,3.96232255123179,-1.86981013532075,1.22,30.0,4.084,1.604,2.64,0.15,3.297,both_detrimental,2.248768488393155,1.0,5.056959714390035,1.5595415553909968,82.30492667518948,both_detrimental,openseespy_3d_static_period_shift_proxy
FoRDy,NEESR-CR: Design of Soil and Structure Compatible Yielding to Improve System Performance,MAH01-1-LDm-18,106,0.326,2.9832867780352594,-1.5429902889052165,0.02,1.2,0.004,3.208,5.281,0.3,6.593,mixed,1.2430740431175944,0.9870641832029644,1.5252442246841649,0.3034628226234236,0.029833777034822265,mixed,openseespy_3d_static_period_shift_proxy
FoRDy,NEESR-CR: Design of Soil and Structure Compatible Yielding to Improve System Performance,MAH01-1-LDm-20,107,0.326,2.9832867780352594,-1.731903988852325,0.366,19.7,0.681,3.208,5.281,0.3,6.593,mixed,1.2430740431175944,0.9870641832029644,1.5252442246841649,0.3034628226234236,8.96281246568648,mixed,openseespy_3d_static_period_shift_proxy
FoRDy,NEESR-CR: Design of Soil and Structure Compatible Yielding to Improve System Performance,MAH01-1-LDm-21,108,0.326,2.9832867780352594,-1.8573665719382193,0.541,34.4,1.89,3.208,5.281,0.3,6.593,both_detrimental,1.2430740431175944,0.9870641832029644,1.5252442246841649,0.3034628226234236,23.13410517203568,mixed,openseespy_3d_static_period_shift_proxy
FoRDy,NEESR-CR: Design of Soil and Structure Compatible Yielding to Improve System Performance,MAH01-1-LDm-22,109,0.326,2.9832867780352594,-1.7488077791377408,0.554,28.6,1.632,3.208,5.281,0.3,6.593,mixed,1.2430740431175944,0.9870641832029643,1.5252442246841647,0.3034628226234236,19.695762368772414,mixed,openseespy_3d_static_period_shift_proxy
FoRDy,Soil-Foundation-Structure Systems Beyond Conventional Seismic Failure Thresholds: Application to New or Existing Structures and Monuments,S2011SQF1-1-LS-2,111,0.0015,2.1213203435596424,0.0,0.445,6.91,1.409,0.15,0.15,0.0,0.46,both_detrimental,6.557438524301982,1.0,42.99999999999975,27.787192621509906,20.16379559030238,both_detrimental,openseespy_3d_static_period_shift_proxy
FoRDy,Soil-Foundation-Structure Systems Beyond Conventional Seismic Failure Thresholds: Application to New or Existing Structures and Monuments,S2011SQF1-1-LS-3,112,0.0015,2.1213203435596424,0.0,0.18,4.73,0.359,0.15,0.15,0.0,0.46,both_detrimental,6.557438524301982,1.0,42.99999999999975,27.787192621509906,5.5830031595907075,both_detrimental,openseespy_3d_static_period_shift_proxy
FoRDy,Soil-Foundation-Structure Systems Beyond Conventional Seismic Failure Thresholds: Application to New or Existing Structures and Monuments,S2011SQF1-1-LS-4,113,0.0015,2.1213203435596424,0.0,0.358,11.73,2.156,0.15,0.15,0.0,0.46,both_detrimental,6.557438524301982,1.0,42.99999999999975,27.787192621509906,27.536913892642286,both_detrimental,openseespy_3d_static_period_shift_proxy
FoRDy,Soil-Foundation-Structure Systems Beyond Conventional Seismic Failure Thresholds: Application to New or Existing Structures and Monuments,S2011SQF1-1-LS-5,114,0.0015,2.1213203435596424,0.0,1.092,20.94,2.236,0.15,0.15,0.0,0.46,both_detrimental,6.557438524301982,1.0,42.99999999999975,27.787192621509906,149.9455368671808,both_detrimental,openseespy_3d_static_period_shift_proxy
FoRDy,Soil-Foundation-Structure Systems Beyond Conventional Seismic Failure Thresholds: Application to New or Existing Structures and Monuments,S2011SQF1-1-LS-6,115,0.0015,2.1213203435596424,0.0,0.468,7.09,0.487,0.15,0.15,0.0,0.46,both_detrimental,6.557438524301982,1.0,42.99999999999975,27.787192621509906,21.75836791625689,both_detrimental,openseespy_3d_static_period_shift_proxy
FoRDy,Soil-Foundation-Structure Systems Beyond Conventional Seismic Failure Thresholds: Application to New or Existing Structures and Monuments,S2011SQF1-2-LS-1,116,0.0015,2.1213203435596424,0.0,0.398,6.67,0.112,0.15,0.15,0.0,0.46,both_beneficial,6.557438524301982,1.0,42.99999999999975,27.787192621509906,17.4077697529235,both_detrimental,openseespy_3d_static_period_shift_proxy
FoRDy,Soil-Foundation-Structure Systems Beyond Conventional Seismic Failure Thresholds: Application to New or Existing Structures and Monuments,S2011SQF1-2-LS-2,117,0.0015,2.1213203435596424,0.0,0.369,5.26,0.142,0.15,0.15,0.0,0.46,both_detrimental,6.557438524301982,1.0,42.99999999999975,27.787192621509906,12.727594729358687,both_detrimental,openseespy_3d_static_period_shift_proxy
FoRDy,Soil-Foundation-Structure Systems Beyond Conventional Seismic Failure Thresholds: Application to New or Existing Structures and Monuments,S2011SQF1-2-LS-3,118,0.0015,2.1213203435596424,0.0,0.518,6.04,0.868,0.15,0.15,0.0,0.46,both_detrimental,6.557438524301982,1.0,42.99999999999975,27.787192621509906,20.516389059754097,both_detrimental,openseespy_3d_static_period_shift_proxy
FoRDy,Soil-Foundation-Structure Systems Beyond Conventional Seismic Failure Thresholds: Application to New or Existing Structures and Monuments,S2011SQF1-2-LS-4,119,0.0015,2.1213203435596424,0.0,0.811,8.7,0.869,0.15,0.15,0.0,0.46,both_detrimental,6.557438524301982,1.0,42.99999999999975,27.787192621509906,46.26731899591749,both_detrimental,openseespy_3d_static_period_shift_proxy
FoRDy,Soil-Foundation-Structure Systems Beyond Conventional Seismic Failure Thresholds: Application to New or Existing Structures and Monuments,S2011SQF1-2-LS-5,120,0.0015,2.1213203435596424,0.0,1.019,29.31,1.558,0.15,0.15,0.0,0.46,both_detrimental,6.557438524301982,1.0,42.99999999999975,27.787192621509906,195.8502950870896,both_detrimental,openseespy_3d_static_period_shift_proxy
FoRDy,Soil-Foundation-Structure Systems Beyond Conventional Seismic Failure Thresholds: Application to New or Existing Structures and Monuments,S2011SQF1-3-LS-1,121,0.0015,1.61245154965971,0.0,0.237,3.73,0.37,0.15,0.15,0.0,0.46,mixed,4.494441010848845,1.0,20.199999999999985,17.47220505424422,3.973130798000487,both_detrimental,openseespy_3d_static_period_shift_proxy
FoRDy,Soil-Foundation-Structure Systems Beyond Conventional Seismic Failure Thresholds: Application to New or Existing Structures and Monuments,S2011SQF1-4-LS-1,122,0.0015,1.61245154965971,0.0,0.425,7.23,0.133,0.15,0.15,0.0,0.46,mixed,4.494441010848845,1.0,20.199999999999985,17.47220505424422,13.810293616085788,both_detrimental,openseespy_3d_static_period_shift_proxy
FoRDy,Soil-Foundation-Structure Systems Beyond Conventional Seismic Failure Thresholds: Application to New or Existing Structures and Monuments,S2011SQF1-4-LS-2,123,0.0015,1.61245154965971,0.0,0.389,5.53,0.154,0.15,0.15,0.0,0.46,mixed,4.494441010848845,1.0,20.199999999999985,17.47220505424422,9.668306669307709,both_detrimental,openseespy_3d_static_period_shift_proxy
FoRDy,Soil-Foundation-Structure Systems Beyond Conventional Seismic Failure Thresholds: Application to New or Existing Structures and Monuments,S2011SQF1-5-LS-1,124,0.0015,1.9235384061671346,0.0,0.237,3.7,0.348,0.15,0.15,0.0,0.46,mixed,5.779273310719977,1.0,33.40000000000024,23.896366553599883,5.067844766170348,both_detrimental,openseespy_3d_static_period_shift_proxy
FoRDy,Soil-Foundation-Structure Systems Beyond Conventional Seismic Failure Thresholds: Application to New or Existing Structures and Monuments,S2011SQF1-5-LS-2,125,0.0015,1.9235384061671346,0.0,0.498,6.99,1.409,0.15,0.15,0.0,0.46,both_detrimental,5.779273310719977,1.0,33.40000000000024,23.896366553599883,20.117765980082453,both_detrimental,openseespy_3d_static_period_shift_proxy
FoRDy,Soil-Foundation-Structure Systems Beyond Conventional Seismic Failure Thresholds: Application to New or Existing Structures and Monuments,S2011SQF1-5-LS-3,126,0.0015,1.9235384061671346,0.0,0.183,4.86,0.383,0.15,0.15,0.0,0.46,both_detrimental,5.779273310719977,1.0,33.40000000000024,23.896366553599883,5.139970097088133,both_detrimental,openseespy_3d_static_period_shift_proxy
FoRDy,Soil-Foundation-Structure Systems Beyond Conventional Seismic Failure Thresholds: Application to New or Existing Structures and Monuments,S2011SQF1-5-LS-4,127,0.0015,1.9235384061671346,0.0,0.357,11.75,2.173,0.15,0.15,0.0,0.46,both_detrimental,5.779273310719977,1.0,33.40000000000024,23.896366553599883,24.24260672014262,both_detrimental,openseespy_3d_static_period_shift_proxy
FoRDy,Soil-Foundation-Structure Systems Beyond Conventional Seismic Failure Thresholds: Application to New or Existing Structures and Monuments,S2011SQF1-5-LS-5,128,0.0015,1.9235384061671346,0.0,1.23,20.7,2.576,0.15,0.15,0.0,0.46,both_detrimental,5.779273310719977,1.0,33.40000000000024,23.896366553599883,147.1460777642413,both_detrimental,openseespy_3d_static_period_shift_proxy
FoRDy,Soil-Foundation-Structure Systems Beyond Conventional Seismic Failure Thresholds: Application to New or Existing Structures and Monuments,S2011SQF1-5-LS-6,129,0.0015,1.9235384061671346,0.0,0.454,7.0,0.56,0.15,0.15,0.0,0.46,both_detrimental,5.779273310719977,1.0,33.40000000000024,23.896366553599883,18.366530581468087,both_detrimental,openseespy_3d_static_period_shift_proxy
FoRDy,Soil-Foundation-Structure Systems Beyond Conventional Seismic Failure Thresholds: Application to New or Existing Structures and Monuments,S2011SQF1-6-LS-1,130,0.0015,1.9235384061671346,0.0,0.425,7.1,0.126,0.15,0.15,0.0,0.46,mixed,5.779273310719977,1.0,33.40000000000024,23.896366553599883,17.438957215097528,both_detrimental,openseespy_3d_static_period_shift_proxy
FoRDy,Soil-Foundation-Structure Systems Beyond Conventional Seismic Failure Thresholds: Application to New or Existing Structures and Monuments,S2011SQF1-6-LS-2,131,0.0015,1.9235384061671346,0.0,0.38,5.46,0.156,0.15,0.15,0.0,0.46,both_detrimental,5.779273310719977,1.0,33.40000000000024,23.896366553599883,11.990836265081809,both_detrimental,openseespy_3d_static_period_shift_proxy
FoRDy,Soil-Foundation-Structure Systems Beyond Conventional Seismic Failure Thresholds: Application to New or Existing Structures and Monuments,S2011SQF1-6-LS-3,132,0.0015,1.9235384061671346,0.0,0.653,6.42,1.046,0.15,0.15,0.0,0.46,both_detrimental,5.779273310719977,1.0,33.40000000000024,23.896366553599883,24.22821632959893,both_detrimental,openseespy_3d_static_period_shift_proxy
FoRDy,Soil-Foundation-Structure Systems Beyond Conventional Seismic Failure Thresholds: Application to New or Existing Structures and Monuments,S2011SQF1-6-LS-4,133,0.0015,1.9235384061671346,0.0,0.848,9.2,0.956,0.15,0.15,0.0,0.46,both_detrimental,5.779273310719977,1.0,33.40000000000024,23.896366553599883,45.08757866091296,both_detrimental,openseespy_3d_static_period_shift_proxy
FoRDy,Soil-Foundation-Structure Systems Beyond Conventional Seismic Failure Thresholds: Application to New or Existing Structures and Monuments,S2011SQF1-6-LS-5,134,0.0015,1.9235384061671346,0.0,1.066,29.88,1.662,0.15,0.15,0.0,0.46,both_detrimental,5.779273310719977,1.0,33.40000000000024,23.896366553599883,184.08187583491755,both_detrimental,openseespy_3d_static_period_shift_proxy
FoRDy,Soil-Foundation-Structure Systems Beyond Conventional Seismic Failure Thresholds: Application to New or Existing Structures and Monuments,S2011SQF1-8-LS-1,135,0.0015,1.760681686165901,0.0,0.235,3.7,0.346,0.15,0.15,0.0,0.46,mixed,5.118593556827876,1.0,26.199999999999847,20.59296778413938,4.450617097661838,both_detrimental,openseespy_3d_static_period_shift_proxy
FoRDy,Soil-Foundation-Structure Systems Beyond Conventional Seismic Failure Thresholds: Application to New or Existing Structures and Monuments,S2011SQF1-8-LS-2,136,0.0015,1.760681686165901,0.0,0.553,7.74,1.648,0.15,0.15,0.0,0.46,both_detrimental,5.118593556827876,1.0,26.199999999999847,20.59296778413938,21.908706513805814,both_detrimental,openseespy_3d_static_period_shift_proxy
FoRDy,Soil-Foundation-Structure Systems Beyond Conventional Seismic Failure Thresholds: Application to New or Existing Structures and Monuments,S2011SQF1-8-LS-3,137,0.0015,1.760681686165901,0.0,0.181,4.72,0.365,0.15,0.15,0.0,0.46,mixed,5.118593556827876,1.0,26.199999999999847,20.59296778413938,4.372916847469191,both_detrimental,openseespy_3d_static_period_shift_proxy
FoRDy,Soil-Foundation-Structure Systems Beyond Conventional Seismic Failure Thresholds: Application to New or Existing Structures and Monuments,S2011SQF1-9-LS-1,138,0.0015,1.760681686165901,0.0,0.424,7.11,0.128,0.15,0.15,0.0,0.46,mixed,5.118593556827876,1.0,26.199999999999847,20.59296778413938,15.430716880155588,both_detrimental,openseespy_3d_static_period_shift_proxy
FoRDy,Soil-Foundation-Structure Systems Beyond Conventional Seismic Failure Thresholds: Application to New or Existing Structures and Monuments,S2011SQF1-9-LS-2,139,0.0015,1.760681686165901,0.0,0.404,5.59,0.163,0.15,0.15,0.0,0.46,mixed,5.118593556827876,1.0,26.199999999999847,20.59296778413938,11.559626944997802,both_detrimental,openseespy_3d_static_period_shift_proxy
FoRDy,Soil-Foundation-Structure Systems Beyond Conventional Seismic Failure Thresholds: Application to New or Existing Structures and Monuments,S2011SQF1-9-LS-3,140,0.0015,1.760681686165901,0.0,0.696,7.03,1.156,0.15,0.15,0.0,0.46,mixed,5.118593556827876,1.0,26.199999999999847,20.59296778413938,25.044664042331977,both_detrimental,openseespy_3d_static_period_shift_proxy
FoRDy,Soil-Foundation-Structure Systems Beyond Conventional Seismic Failure Thresholds: Application to New or Existing Structures and Monuments,S2011SQF1-14-HS-1,141,0.0037,1.61245154965971,0.0,0.081,1.14,0.029,0.15,0.15,0.0,0.46,both_beneficial,4.494441010848845,1.0,20.199999999999985,17.47220505424422,0.4150166829417823,both_detrimental,openseespy_3d_static_period_shift_proxy
FoRDy,Soil-Foundation-Structure Systems Beyond Conventional Seismic Failure Thresholds: Application to New or Existing Structures and Monuments,S2011SQF1-14-HS-2,142,0.0037,1.61245154965971,0.0,0.179,2.55,0.148,0.15,0.15,0.0,0.46,mixed,4.494441010848845,1.0,20.199999999999985,17.47220505424422,2.051487599401955,both_detrimental,openseespy_3d_static_period_shift_proxy
FoRDy,Soil-Foundation-Structure Systems Beyond Conventional Seismic Failure Thresholds: Application to New or Existing Structures and Monuments,S2011SQF1-14-HS-3,143,0.0037,1.61245154965971,0.0,0.249,3.72,0.346,0.15,0.15,0.0,0.46,mixed,4.494441010848845,1.0,20.199999999999985,17.47220505424422,4.163110819529067,both_detrimental,openseespy_3d_static_period_shift_proxy
FoRDy,Soil-Foundation-Structure Systems Beyond Conventional Seismic Failure Thresholds: Application to New or Existing Structures and Monuments,S2011SQF1-14-HS-4,144,0.0037,1.61245154965971,0.0,0.305,4.71,0.604,0.15,0.15,0.0,0.46,mixed,4.494441010848845,1.0,20.199999999999985,17.47220505424422,6.456489234134907,both_detrimental,openseespy_3d_static_period_shift_proxy
FoRDy,Soil-Foundation-Structure Systems Beyond Conventional Seismic Failure Thresholds: Application to New or Existing Structures and Monuments,S2011SQF1-14-HS-5,145,0.0037,1.61245154965971,0.0,0.358,5.64,0.905,0.15,0.15,0.0,0.46,mixed,4.494441010848845,1.0,20.199999999999985,17.47220505424422,9.074815733825117,both_detrimental,openseespy_3d_static_period_shift_proxy
FoRDy,Soil-Foundation-Structure Systems Beyond Conventional Seismic Failure Thresholds: Application to New or Existing Structures and Monuments,S2011SQF1-14-HS-6,146,0.0037,1.61245154965971,0.0,0.406,6.48,1.224,0.15,0.15,0.0,0.46,mixed,4.494441010848845,1.0,20.199999999999985,17.47220505424422,11.82433496662201,both_detrimental,openseespy_3d_static_period_shift_proxy
FoRDy,Soil-Foundation-Structure Systems Beyond Conventional Seismic Failure Thresholds: Application to New or Existing Structures and Monuments,S2011SQF1-15-HS-1,147,0.0037,1.3416407864998738,0.0,0.085,1.16,0.032,0.15,0.15,0.0,0.46,both_beneficial,3.2557641192199402,1.0,10.599999999999993,11.2788205960997,0.3210183421550861,both_detrimental,openseespy_3d_static_period_shift_proxy
FoRDy,Soil-Foundation-Structure Systems Beyond Conventional Seismic Failure Thresholds: Application to New or Existing Structures and Monuments,S2011SQF1-15-HS-2,148,0.0037,1.3416407864998738,0.0,0.179,2.59,0.154,0.15,0.15,0.0,0.46,mixed,3.2557641192199402,1.0,10.599999999999993,11.2788205960997,1.5094048033115564,both_detrimental,openseespy_3d_static_period_shift_proxy
FoRDy,Soil-Foundation-Structure Systems Beyond Conventional Seismic Failure Thresholds: Application to New or Existing Structures and Monuments,S2011SQF1-16-HS-1,149,0.0037,1.51657508881031,0.0,0.081,1.12,0.028,0.15,0.15,0.0,0.46,both_beneficial,4.0743097574926725,1.0,16.6,15.371548787463363,0.3696213811997353,both_detrimental,openseespy_3d_static_period_shift_proxy
FoRDy,Soil-Foundation-Structure Systems Beyond Conventional Seismic Failure Thresholds: Application to New or Existing Structures and Monuments,S2011SQF1-16-HS-2,150,0.0037,1.51657508881031,0.0,0.178,2.55,0.147,0.15,0.15,0.0,0.46,mixed,4.0743097574926725,1.0,16.6,15.371548787463363,1.849329198925924,both_detrimental,openseespy_3d_static_period_shift_proxy
FoRDy,Soil-Foundation-Structure Systems Beyond Conventional Seismic Failure Thresholds: Application to New or Existing Structures and Monuments,S2011SQF1-16-HS-3,151,0.0037,1.51657508881031,0.0,0.244,3.76,0.349,0.15,0.15,0.0,0.46,mixed,4.0743097574926725,1.0,16.6,15.371548787463363,3.737934743914077,both_detrimental,openseespy_3d_static_period_shift_proxy
FoRDy,Soil-Foundation-Structure Systems Beyond Conventional Seismic Failure Thresholds: Application to New or Existing Structures and Monuments,S2011SQF1-16-HS-4,152,0.0037,1.51657508881031,0.0,0.293,4.74,0.607,0.15,0.15,0.0,0.46,mixed,4.0743097574926725,1.0,16.6,15.371548787463363,5.658482877400973,both_detrimental,openseespy_3d_static_period_shift_proxy
FoRDy,Soil-Foundation-Structure Systems Beyond Conventional Seismic Failure Thresholds: Application to New or Existing Structures and Monuments,S2011SQF1-16-HS-5,153,0.0037,1.51657508881031,0.0,0.351,5.62,0.898,0.15,0.15,0.0,0.46,mixed,4.0743097574926725,1.0,16.6,15.371548787463363,8.037064913825194,both_detrimental,openseespy_3d_static_period_shift_proxy
FoRDy,Soil-Foundation-Structure Systems Beyond Conventional Seismic Failure Thresholds: Application to New or Existing Structures and Monuments,S2011SQF1-16-HS-6,154,0.0037,1.51657508881031,0.0,0.41,6.43,1.207,0.15,0.15,0.0,0.46,mixed,4.0743097574926725,1.0,16.6,15.371548787463363,10.741102813677932,both_detrimental,openseespy_3d_static_period_shift_proxy
FoRDy,Soil-Foundation-Structure Systems Beyond Conventional Seismic Failure Thresholds: Application to New or Existing Structures and Monuments,S2011SQF1-17-HS-1,155,0.0037,1.4142135623730951,0.0,0.078,1.11,0.027,0.15,0.15,0.0,0.46,both_beneficial,3.6055512754639856,1.0,12.999999999999973,13.027756377319927,0.3121686294296719,both_detrimental,openseespy_3d_static_period_shift_proxy
FoRDy,Soil-Foundation-Structure Systems Beyond Conventional Seismic Failure Thresholds: Application to New or Existing Structures and Monuments,S2011SQF1-17-HS-2,156,0.0037,1.4142135623730951,0.0,0.176,2.56,0.147,0.15,0.15,0.0,0.46,mixed,3.6055512754639856,1.0,12.999999999999973,13.027756377319927,1.6245171826730531,both_detrimental,openseespy_3d_static_period_shift_proxy
FoRDy,Soil-Foundation-Structure Systems Beyond Conventional Seismic Failure Thresholds: Application to New or Existing Structures and Monuments,S2011SQF1-17-HS-3,157,0.0037,1.4142135623730951,0.0,0.243,3.76,0.353,0.15,0.15,0.0,0.46,mixed,3.6055512754639856,1.0,12.999999999999973,13.027756377319927,3.294320089365934,both_detrimental,openseespy_3d_static_period_shift_proxy
FoRDy,Soil-Foundation-Structure Systems Beyond Conventional Seismic Failure Thresholds: Application to New or Existing Structures and Monuments,S2011SQF1-17-HS-4,158,0.0037,1.4142135623730951,0.0,0.299,4.75,0.614,0.15,0.15,0.0,0.46,mixed,3.6055512754639856,1.0,12.999999999999973,13.027756377319927,5.120784198977725,both_detrimental,openseespy_3d_static_period_shift_proxy
FoRDy,Analytical and Experimental Development of Bridges with Foundations Allowed to Uplift During Earthquakes,UCSD-1-AS-2,159,0.451,3.4351128074635335,-2.0,0.466,17.4,0.621,1.524,1.524,0.6604,2.985,both_beneficial,2.153200364879659,0.4644249630971474,2.153200364879659,2.258729061132403,17.459009838590227,mixed,openseespy_3d_static_period_shift_proxy
FoRDy,Analytical and Experimental Development of Bridges with Foundations Allowed to Uplift During Earthquakes,UCSD-1-AS-4,160,0.451,3.4351128074635335,-2.0,0.329,19.1,0.879,1.524,1.524,0.6604,2.985,both_beneficial,2.153200364879659,0.46442496309714737,2.1532003648796585,2.258729061132403,13.53049577286729,mixed,openseespy_3d_static_period_shift_proxy
FoRDy,Analytical and Experimental Development of Bridges with Foundations Allowed to Uplift During Earthquakes,UCSD-1-AS-6,161,0.451,3.4351128074635335,-1.423184702418721,0.346,60.0,0.717,1.524,1.524,0.6604,2.985,mixed,2.153200364879659,0.4644249630971474,2.153200364879659,2.258729061132403,44.700439574901715,mixed,openseespy_3d_static_period_shift_proxy
FoRDy,Analytical and Experimental Development of Bridges with Foundations Allowed to Uplift During Earthquakes,UCSD-1-AS-8,162,0.451,3.4351128074635335,-2.0,0.427,35.9,1.507,1.524,1.524,0.6604,2.985,both_detrimental,2.153200364879659,0.4644249630971474,2.153200364879659,2.258729061132403,33.00705435334976,mixed,openseespy_3d_static_period_shift_proxy
FoRDy,Analytical and Experimental Development of Bridges with Foundations Allowed to Uplift During Earthquakes,UCSD-1-AS-10,163,0.451,3.4351128074635335,-1.2443894092932215,0.359,55.8,1.778,1.524,1.524,0.6604,2.985,both_detrimental,2.153200364879659,0.46442496309714737,2.1532003648796585,2.258729061132403,43.133340349342305,mixed,openseespy_3d_static_period_shift_proxy
FoRDy,Analytical and Experimental Development of Bridges with Foundations Allowed to Uplift During Earthquakes,UCSD-1-AS-12,164,0.451,3.4351128074635335,-1.208996360546921,0.741,103.4,6.862,1.524,1.524,0.6604,2.985,both_detrimental,2.153200364879659,0.4644249630971474,2.153200364879659,2.258729061132403,164.97692003686055,mixed,openseespy_3d_static_period_shift_proxy
FoRDy,Analytical and Experimental Development of Bridges with Foundations Allowed to Uplift During Earthquakes,UCSD-1-SS-2,165,0.451,3.478505426185217,-2.0,0.466,17.4,0.621,1.524,1.524,0.6604,2.985,both_beneficial,2.1765292007304398,0.4594470865194005,2.1765292007304398,2.304422351824385,17.648169371202698,mixed,openseespy_3d_static_period_shift_proxy
FoRDy,Analytical and Experimental Development of Bridges with Foundations Allowed to Uplift During Earthquakes,UCSD-1-SS-4,166,0.451,3.478505426185217,-2.0,0.329,19.1,0.879,1.524,1.524,0.6604,2.985,both_beneficial,2.1765292007304398,0.4594470865194004,2.1765292007304393,2.304422351824385,13.677091844470013,mixed,openseespy_3d_static_period_shift_proxy
FoRDy,Analytical and Experimental Development of Bridges with Foundations Allowed to Uplift During Earthquakes,UCSD-1-SS-6,167,0.451,3.478505426185217,-1.4289930802855175,0.346,60.0,0.717,1.524,1.524,0.6604,2.985,mixed,2.1765292007304398,0.4594470865194005,2.1765292007304398,2.304422351824385,45.184746207163926,mixed,openseespy_3d_static_period_shift_proxy
FoRDy,Analytical and Experimental Development of Bridges with Foundations Allowed to Uplift During Earthquakes,UCSD-1-SS-8,168,0.451,3.478505426185217,-2.0,0.427,35.9,1.507,1.524,1.524,0.6604,2.985,both_detrimental,2.1765292007304398,0.4594470865194005,2.1765292007304398,2.304422351824385,33.36466907675713,mixed,openseespy_3d_static_period_shift_proxy
FoRDy,Analytical and Experimental Development of Bridges with Foundations Allowed to Uplift During Earthquakes,UCSD-1-SS-10,169,0.451,3.478505426185217,-1.2519982085906427,0.359,55.8,1.778,1.524,1.524,0.6604,2.985,both_detrimental,2.1765292007304398,0.4594470865194005,2.1765292007304398,2.304422351824385,43.60066825487232,mixed,openseespy_3d_static_period_shift_proxy
FoRDy,Analytical and Experimental Development of Bridges with Foundations Allowed to Uplift During Earthquakes,UCSD-1-SS-12,170,0.451,3.478505426185217,-1.2169615585075513,0.741,103.4,6.862,1.524,1.524,0.6604,2.985,both_detrimental,2.1765292007304398,0.4594470865194004,2.1765292007304393,2.304422351824385,166.76436144244585,mixed,openseespy_3d_static_period_shift_proxy
FoRDy,Analytical and Experimental Development of Bridges with Foundations Allowed to Uplift During Earthquakes,UCSD-2-AS-2,171,0.451,3.4351128074635335,-2.0,0.447,16.4,0.569,1.524,1.524,0.6604,2.985,both_beneficial,2.153200364879659,0.46442496309714737,2.1532003648796585,2.258729061132403,15.784681234859802,mixed,openseespy_3d_static_period_shift_proxy
FoRDy,Analytical and Experimental Development of Bridges with Foundations Allowed to Uplift During Earthquakes,UCSD-2-AS-4,172,0.451,3.4351128074635335,-2.0,0.309,19.1,0.844,1.524,1.524,0.6604,2.985,mixed,2.153200364879659,0.46442496309714737,2.1532003648796585,2.258729061132403,12.70797323348326,mixed,openseespy_3d_static_period_shift_proxy
FoRDy,Analytical and Experimental Development of Bridges with Foundations Allowed to Uplift During Earthquakes,UCSD-2-AS-6,173,0.451,3.4351128074635335,-1.4100650403737287,0.346,59.9,0.71,1.524,1.524,0.6604,2.985,mixed,2.153200364879659,0.4644249630971474,2.153200364879659,2.258729061132403,44.625938842276874,mixed,openseespy_3d_static_period_shift_proxy
FoRDy,Analytical and Experimental Development of Bridges with Foundations Allowed to Uplift During Earthquakes,UCSD-2-AS-8,174,0.451,3.4351128074635335,-2.0,0.422,35.9,1.442,1.524,1.524,0.6604,2.985,both_detrimental,2.153200364879659,0.4644249630971475,2.153200364879659,2.258729061132403,32.62055488785386,mixed,openseespy_3d_static_period_shift_proxy
FoRDy,Analytical and Experimental Development of Bridges with Foundations Allowed to Uplift During Earthquakes,UCSD-2-AS-10,175,0.451,3.4351128074635335,-1.235530094463481,0.353,55.9,1.769,1.524,1.524,0.6604,2.985,both_detrimental,2.153200364879659,0.4644249630971474,2.153200364879659,2.258729061132403,42.48845684006084,mixed,openseespy_3d_static_period_shift_proxy
FoRDy,Analytical and Experimental Development of Bridges with Foundations Allowed to Uplift During Earthquakes,UCSD-2-AS-12,176,0.451,3.4351128074635335,-1.2026405669599296,0.8,104.6,6.984,1.524,1.524,0.6604,2.985,both_detrimental,2.153200364879659,0.46442496309714737,2.1532003648796585,2.258729061132403,180.17980653312986,mixed,openseespy_3d_static_period_shift_proxy
FoRDy,Analytical and Experimental Development of Bridges with Foundations Allowed to Uplift During Earthquakes,UCSD-2-SS-2,177,0.451,3.478505426185217,-2.0,0.447,16.4,0.569,1.524,1.524,0.6604,2.985,both_beneficial,2.1765292007304398,0.4594470865194005,2.1765292007304398,2.304422351824385,15.955700264714705,mixed,openseespy_3d_static_period_shift_proxy
FoRDy,Analytical and Experimental Development of Bridges with Foundations Allowed to Uplift During Earthquakes,UCSD-2-SS-4,178,0.451,3.478505426185217,-2.0,0.309,19.1,0.844,1.524,1.524,0.6604,2.985,both_beneficial,2.1765292007304398,0.4594470865194005,2.1765292007304398,2.304422351824385,12.845657689790983,mixed,openseespy_3d_static_period_shift_proxy
FoRDy,Analytical and Experimental Development of Bridges with Foundations Allowed to Uplift During Earthquakes,UCSD-2-SS-6,179,0.451,3.478505426185217,-1.4160055297759884,0.346,59.9,0.71,1.524,1.524,0.6604,2.985,mixed,2.1765292007304398,0.4594470865194005,2.1765292007304398,2.304422351824385,45.10943829681865,mixed,openseespy_3d_static_period_shift_proxy
FoRDy,Analytical and Experimental Development of Bridges with Foundations Allowed to Uplift During Earthquakes,UCSD-2-SS-8,180,0.451,3.478505426185217,-2.0,0.422,35.9,1.442,1.524,1.524,0.6604,2.985,both_detrimental,2.1765292007304398,0.4594470865194005,2.1765292007304398,2.304422351824385,32.97398208522601,mixed,openseespy_3d_static_period_shift_proxy
FoRDy,Analytical and Experimental Development of Bridges with Foundations Allowed to Uplift During Earthquakes,UCSD-2-SS-10,181,0.451,3.478505426185217,-1.243228104723905,0.353,55.9,1.769,1.524,1.524,0.6604,2.985,both_detrimental,2.1765292007304398,0.4594470865194005,2.1765292007304398,2.304422351824385,42.948797759253544,mixed,openseespy_3d_static_period_shift_proxy
FoRDy,Analytical and Experimental Development of Bridges with Foundations Allowed to Uplift During Earthquakes,UCSD-2-SS-12,182,0.451,3.478505426185217,-1.2106697660851466,0.8,104.6,6.984,1.524,1.524,0.6604,2.985,both_detrimental,2.1765292007304398,0.4594470865194005,2.1765292007304398,2.304422351824385,182.1319635171232,mixed,openseespy_3d_static_period_shift_proxy
FoRDy,Analytical and Experimental Development of Bridges with Foundations Allowed to Uplift During Earthquakes,UCSD-3-AS-2,183,0.451,3.4351128074635335,-2.0,0.435,16.4,0.543,1.524,1.524,0.6604,2.985,both_beneficial,2.153200364879659,0.46442496309714737,2.1532003648796585,2.258729061132403,15.360931403051486,mixed,openseespy_3d_static_period_shift_proxy
FoRDy,Analytical and Experimental Development of Bridges with Foundations Allowed to Uplift During Earthquakes,UCSD-3-AS-4,184,0.451,3.4351128074635335,-1.9999999999999996,0.291,18.9,0.807,1.524,1.524,0.6604,2.985,both_detrimental,2.153200364879659,0.46442496309714737,2.1532003648796585,2.258729061132403,11.842386686801635,mixed,openseespy_3d_static_period_shift_proxy
FoRDy,Analytical and Experimental Development of Bridges with Foundations Allowed to Uplift During Earthquakes,UCSD-3-AS-6,185,0.451,3.4351128074635335,-1.3769159364291474,0.344,60.3,0.675,1.524,1.524,0.6604,2.985,both_detrimental,2.153200364879659,0.4644249630971474,2.153200364879659,2.258729061132403,44.66426580877174,mixed,openseespy_3d_static_period_shift_proxy
FoRDy,Analytical and Experimental Development of Bridges with Foundations Allowed to Uplift During Earthquakes,UCSD-3-AS-8,186,0.451,3.4351128074635335,-2.0,0.425,35.8,1.38,1.524,1.524,0.6604,2.985,both_detrimental,2.153200364879659,0.4644249630971474,2.153200364879659,2.258729061132403,32.760943551644004,mixed,openseespy_3d_static_period_shift_proxy
FoRDy,Analytical and Experimental Development of Bridges with Foundations Allowed to Uplift During Earthquakes,UCSD-3-AS-10,187,0.451,3.4351128074635335,-1.2291005311503835,0.359,55.6,1.737,1.524,1.524,0.6604,2.985,both_detrimental,2.153200364879659,0.46442496309714737,2.1532003648796585,2.258729061132403,42.978740563143944,mixed,openseespy_3d_static_period_shift_proxy
FoRDy,Analytical and Experimental Development of Bridges with Foundations Allowed to Uplift During Earthquakes,UCSD-3-AS-12,188,0.451,3.4351128074635335,-1.2047730421154081,0.799,103.7,6.881,1.524,1.524,0.6604,2.985,both_detrimental,2.153200364879659,0.46442496309714737,2.1532003648796585,2.258729061132403,178.4062153925785,mixed,openseespy_3d_static_period_shift_proxy
FoRDy,Analytical and Experimental Development of Bridges with Foundations Allowed to Uplift During Earthquakes,UCSD-3-AS-14,189,0.451,3.4351128074635335,-1.6379963955155208,0.336,60.8,1.779,1.524,1.524,0.6604,2.985,both_detrimental,2.153200364879659,0.4644249630971474,2.153200364879659,2.258729061132403,43.987299614053576,mixed,openseespy_3d_static_period_shift_proxy
FoRDy,Analytical and Experimental Development of Bridges with Foundations Allowed to Uplift During Earthquakes,UCSD-3-AS-16,190,0.451,3.4351128074635335,-1.641452008818048,0.342,61.1,1.788,1.524,1.524,0.6604,2.985,both_detrimental,2.153200364879659,0.46442496309714737,2.1532003648796585,2.258729061132403,44.99370546459833,mixed,openseespy_3d_static_period_shift_proxy
FoRDy,Analytical and Experimental Development of Bridges with Foundations Allowed to Uplift During Earthquakes,UCSD-3-AS-18,191,0.451,3.4351128074635335,-1.6402984995963152,0.384,66.6,2.186,1.524,1.524,0.6604,2.985,both_detrimental,2.153200364879659,0.4644249630971474,2.153200364879659,2.258729061132403,55.066807411578345,mixed,openseespy_3d_static_period_shift_proxy
FoRDy,Analytical and Experimental Development of Bridges with Foundations Allowed to Uplift During Earthquakes,UCSD-3-SS-2,192,0.451,3.478505426185217,-2.0,0.435,16.4,0.543,1.524,1.524,0.6604,2.985,both_beneficial,2.1765292007304398,0.4594470865194004,2.1765292007304393,2.304422351824385,15.527359318010957,mixed,openseespy_3d_static_period_shift_proxy
FoRDy,Analytical and Experimental Development of Bridges with Foundations Allowed to Uplift During Earthquakes,UCSD-3-SS-4,193,0.451,3.478505426185217,-2.0,0.291,18.9,0.807,1.524,1.524,0.6604,2.985,mixed,2.1765292007304398,0.4594470865194004,2.1765292007304393,2.304422351824385,11.970692951097345,mixed,openseespy_3d_static_period_shift_proxy
FoRDy,Analytical and Experimental Development of Bridges with Foundations Allowed to Uplift During Earthquakes,UCSD-3-SS-6,194,0.451,3.478505426185217,-1.3831902285624775,0.344,60.3,0.675,1.524,1.524,0.6604,2.985,both_detrimental,2.1765292007304398,0.4594470865194004,2.1765292007304393,2.304422351824385,45.14818051659165,mixed,openseespy_3d_static_period_shift_proxy
FoRDy,Analytical and Experimental Development of Bridges with Foundations Allowed to Uplift During Earthquakes,UCSD-3-SS-8,195,0.451,3.478505426185217,-2.0,0.425,35.8,1.38,1.524,1.524,0.6604,2.985,both_detrimental,2.1765292007304398,0.4594470865194005,2.1765292007304398,2.304422351824385,33.11589178911364,mixed,openseespy_3d_static_period_shift_proxy
FoRDy,Analytical and Experimental Development of Bridges with Foundations Allowed to Uplift During Earthquakes,UCSD-3-SS-10,196,0.451,3.478505426185217,-1.236863285417074,0.359,55.6,1.737,1.524,1.524,0.6604,2.985,both_detrimental,2.1765292007304398,0.4594470865194005,2.1765292007304398,2.304422351824385,43.44439345825987,mixed,openseespy_3d_static_period_shift_proxy
FoRDy,Analytical and Experimental Development of Bridges with Foundations Allowed to Uplift During Earthquakes,UCSD-3-SS-12,197,0.451,3.478505426185217,-1.2127807677784155,0.799,103.7,6.881,1.524,1.524,0.6604,2.985,both_detrimental,2.1765292007304398,0.4594470865194005,2.1765292007304398,2.304422351824385,180.33915641448155,mixed,openseespy_3d_static_period_shift_proxy
FoRDy,Analytical and Experimental Development of Bridges with Foundations Allowed to Uplift During Earthquakes,UCSD-3-SS-14,198,0.451,3.478505426185217,-1.641641676306105,0.336,60.8,1.779,1.524,1.524,0.6604,2.985,both_detrimental,2.1765292007304398,0.4594470865194005,2.1765292007304398,2.304422351824385,44.463879735882,mixed,openseespy_3d_static_period_shift_proxy
FoRDy,Analytical and Experimental Development of Bridges with Foundations Allowed to Uplift During Earthquakes,UCSD-3-SS-16,199,0.451,3.478505426185217,-1.6450624924943626,0.342,61.1,1.788,1.524,1.524,0.6604,2.985,both_detrimental,2.1765292007304398,0.4594470865194005,2.1765292007304398,2.304422351824385,45.481189484303414,mixed,openseespy_3d_static_period_shift_proxy
FoRDy,Analytical and Experimental Development of Bridges with Foundations Allowed to Uplift During Earthquakes,UCSD-3-SS-18,200,0.451,3.478505426185217,-1.6439205988061647,0.384,66.6,2.186,1.524,1.524,0.6604,2.985,both_detrimental,2.1765292007304398,0.4594470865194005,2.1765292007304398,2.304422351824385,55.66342839116055,mixed,openseespy_3d_static_period_shift_proxy
