study_group,test_id,event_no
Performance of Shallow Foundations,SSG03-1-SHW-3,1
Performance of Shallow Foundations,SSG03-1-SHW-4,2
Performance of Shallow Foundations,SSG03-1-SHW-5,3
Performance of Shallow Foundations,SSG03-1-DSW-3,4
Performance of Shallow Foundations,SSG03-1-DSW-4,5
Performance of Shallow Foundations,SSG03-1-DSW-5,6
Performance of Shallow Foundations,SSG04-1-SHW-3,7
Performance of Shallow Foundations,SSG04-1-SHW-4,8
Performance of Shallow Foundations,SSG04-1-DSW-3,9
Performance of Shallow Foundations,SSG04-1-DSW-4,10
Performance of Shallow Foundations,SSG04-1-DSW-5,11
nan,PWRI_S-1-P-2,12
nan,PWRI_S-2-P-1,13
nan,PWRI_S-4-P-2,15
Innovative Economical Foundations with Improved Performance that is Less Sensitive to Site Conditions,LJD01-1-MD-1,16
Innovative Economical Foundations with Improved Performance that is Less Sensitive to Site Conditions,LJD01-1-MD-2,17
Innovative Economical Foundations with Improved Performance that is Less Sensitive to Site Conditions,LJD01-1-MD-4,19
Innovative Economical Foundations with Improved Performance that is Less Sensitive to Site Conditions,LJD01-1-MD-5,20
Innovative Economical Foundations with Improved Performance that is Less Sensitive to Site Conditions,LJD01-1-MD-6,21
Innovative Economical Foundations with Improved Performance that is Less Sensitive to Site Conditions,LJD01-1-MD-7,22
Innovative Economical Foundations with Improved Performance that is Less Sensitive to Site Conditions,LJD01-1-MD-8,23
Innovative Economical Foundations with Improved Performance that is Less Sensitive to Site Conditions,LJD01-1-MD-9,24
Innovative Economical Foundations with Improved Performance that is Less Sensitive to Site Conditions,LJD01-1-SD-1,25
Innovative Economical Foundations with Improved Performance that is Less Sensitive to Site Conditions,LJD01-1-SD-2,26
Innovative Economical Foundations with Improved Performance that is Less Sensitive to Site Conditions,LJD01-1-SD-5,29
Innovative Economical Foundations with Improved Performance that is Less Sensitive to Site Conditions,LJD01-1-SD-6,30
Innovative Economical Foundations with Improved Performance that is Less Sensitive to Site Conditions,LJD01-1-SD-8,32
Innovative Economical Foundations with Improved Performance that is Less Sensitive to Site Conditions,LJD01-1-SD-9,33
Innovative Economical Foundations with Improved Performance that is Less Sensitive to Site Conditions,LJD01-3-MD-3,34
Innovative Economical Foundations with Improved Performance that is Less Sensitive to Site Conditions,LJD01-3-MD-4,35
Innovative Economical Foundations with Improved Performance that is Less Sensitive to Site Conditions,LJD01-3-MD-5,36
Innovative Economical Foundations with Improved Performance that is Less Sensitive to Site Conditions,LJD01-3-MD-6,37
Innovative Economical Foundations with Improved Performance that is Less Sensitive to Site Conditions,LJD01-3-MD-7,38
Innovative Economical Foundations with Improved Performance that is Less Sensitive to Site Conditions,LJD01-3-SD-3,39
Innovative Economical Foundations with Improved Performance that is Less Sensitive to Site Conditions,LJD01-3-SD-4,40
Innovative Economical Foundations with Improved Performance that is Less Sensitive to Site Conditions,LJD01-3-SD-5,41
Innovative Economical Foundations with Improved Performance that is Less Sensitive to Site Conditions,LJD01-3-SD-6,42
Innovative Economical Foundations with Improved Performance that is Less Sensitive to Site Conditions,LJD01-3-SD-7,43
Innovative Economical Foundations with Improved Performance that is Less Sensitive to Site Conditions,LJD03-1-SF-2,44
Innovative Economical Foundations with Improved Performance that is Less Sensitive to Site Conditions,LJD03-1-SF-3,45
Innovative Economical Foundations with Improved Performance that is Less Sensitive to Site Conditions,LJD03-1-SF-4,46
Innovative Economical Foundations with Improved Performance that is Less Sensitive to Site Conditions,LJD03-1-SF-5,47
Innovative Economical Foundations with Improved Performance that is Less Sensitive to Site Conditions,LJD03-1-SF-7,48
Innovative Economical Foundations with Improved Performance that is Less Sensitive to Site Conditions,LJD03-1-SF-8,49
Innovative Economical Foundations with Improved Performance that is Less Sensitive to Site Conditions,LJD03-1-SF-9,50
Innovative Economical Foundations with Improved Performance that is Less Sensitive to Site Conditions,LJD03-1-SF-11,51
Innovative Economical Foundations with Improved Performance that is Less Sensitive to Site Conditions,LJD03-1-SF-12,52
Innovative Economical Foundations with Improved Performance that is Less Sensitive to Site Conditions,LJD03-1-SF-13,53
Innovative Economical Foundations with Improved Performance that is Less Sensitive to Site Conditions,LJD03-1-SF-14,54
Innovative Economical Foundations with Improved Performance that is Less Sensitive to Site Conditions,LJD03-1-SF-15,55
Innovative Economical Foundations with Improved Performance that is Less Sensitive to Site Conditions,LJD03-1-SF-16,56
Innovative Economical Foundations with Improved Performance that is Less Sensitive to Site Conditions,LJD03-1-SF-17,57
Innovative Economical Foundations with Improved Performance that is Less Sensitive to Site Conditions,LJD03-1-SF-18,58
Innovative Economical Foundations with Improved Performance that is Less Sensitive to Site Conditions,LJD03-1-SF-19,59
Innovative Economical Foundations with Improved Performance that is Less Sensitive to Site Conditions,LJD03-1-SF-20,60
Innovative Economical Foundations with Improved Performance that is Less Sensitive to Site Conditions,LJD03-1-ISF-2,61
Innovative Economical Foundations with Improved Performance that is Less Sensitive to Site Conditions,LJD03-1-ISF-3,62
Innovative Economical Foundations with Improved Performance that is Less Sensitive to Site Conditions,LJD03-1-ISF-4,63
Innovative Economical Foundations with Improved Performance that is Less Sensitive to Site Conditions,LJD03-1-ISF-5,64
Innovative Economical Foundations with Improved Performance that is Less Sensitive to Site Conditions,LJD03-1-ISF-7,65
Innovative Economical Foundations with Improved Performance that is Less Sensitive to Site Conditions,LJD03-1-ISF-8,66
Innovative Economical Foundations with Improved Performance that is Less Sensitive to Site Conditions,LJD03-1-ISF-9,67
Innovative Economical Foundations with Improved Performance that is Less Sensitive to Site Conditions,LJD03-1-ISF-11,68
Innovative Economical Foundations with Improved Performance that is Less Sensitive to Site Conditions,LJD03-1-ISF-12,69
Innovative Economical Foundations with Improved Performance that is Less Sensitive to Site Conditions,LJD03-1-ISF-13,70
Innovative Economical Foundations with Improved Performance that is Less Sensitive to Site Conditions,LJD03-1-ISF-14,71
Innovative Economical Foundations with Improved Performance that is Less Sensitive to Site Conditions,LJD03-1-ISF-15,72
Innovative Economical Foundations with Improved Performance that is Less Sensitive to Site Conditions,LJD03-1-ISF-16,73
Innovative Economical Foundations with Improved Performance that is Less Sensitive to Site Conditions,LJD03-1-ISF-17,74
Innovative Economical Foundations with Improved Performance that is Less Sensitive to Site Conditions,LJD03-1-ISF-18,75
Innovative Economical Foundations with Improved Performance that is Less Sensitive to Site Conditions,LJD03-1-ISF-19,76
Innovative Economical Foundations with Improved Performance that is Less Sensitive to Site Conditions,LJD03-1-ISF-20,77
NEESR-CR: Design of Soil and Structure Compatible Yielding to Improve System Performance,MAH01-1-SDm-4,78
NEESR-CR: Design of Soil and Structure Compatible Yielding to Improve System Performance,MAH01-1-SDm-5,79
NEESR-CR: Design of Soil and Structure Compatible Yielding to Improve System Performance,MAH01-1-SDm-6,80
NEESR-CR: Design of Soil and Structure Compatible Yielding to Improve System Performance,MAH01-1-SDm-8,81
NEESR-CR: Design of Soil and Structure Compatible Yielding to Improve System Performance,MAH01-1-SDm-9,82
NEESR-CR: Design of Soil and Structure Compatible Yielding to Improve System Performance,MAH01-1-SDm-10,83
NEESR-CR: Design of Soil and Structure Compatible Yielding to Improve System Performance,MAH01-1-SDm-11,84
NEESR-CR: Design of Soil and Structure Compatible Yielding to Improve System Performance,MAH01-1-SDm-12,85
NEESR-CR: Design of Soil and Structure Compatible Yielding to Improve System Performance,MAH01-1-SDm-14,86
NEESR-CR: Design of Soil and Structure Compatible Yielding to Improve System Performance,MAH01-1-SDm-15,87
NEESR-CR: Design of Soil and Structure Compatible Yielding to Improve System Performance,MAH01-1-SDm-16,88
NEESR-CR: Design of Soil and Structure Compatible Yielding to Improve System Performance,MAH01-1-SDm-17,89
NEESR-CR: Design of Soil and Structure Compatible Yielding to Improve System Performance,MAH01-1-SDm-18,90
NEESR-CR: Design of Soil and Structure Compatible Yielding to Improve System Performance,MAH01-1-SDm-20,91
NEESR-CR: Design of Soil and Structure Compatible Yielding to Improve System Performance,MAH01-1-SDm-21,92
NEESR-CR: Design of Soil and Structure Compatible Yielding to Improve System Performance,MAH01-1-SDm-22,93
NEESR-CR: Design of Soil and Structure Compatible Yielding to Improve System Performance,MAH01-1-LDm-4,94
NEESR-CR: Design of Soil and Structure Compatible Yielding to Improve System Performance,MAH01-1-LDm-5,95
NEESR-CR: Design of Soil and Structure Compatible Yielding to Improve System Performance,MAH01-1-LDm-6,96
NEESR-CR: Design of Soil and Structure Compatible Yielding to Improve System Performance,MAH01-1-LDm-8,97
NEESR-CR: Design of Soil and Structure Compatible Yielding to Improve System Performance,MAH01-1-LDm-9,98
NEESR-CR: Design of Soil and Structure Compatible Yielding to Improve System Performance,MAH01-1-LDm-10,99
NEESR-CR: Design of Soil and Structure Compatible Yielding to Improve System Performance,MAH01-1-LDm-11,100
NEESR-CR: Design of Soil and Structure Compatible Yielding to Improve System Performance,MAH01-1-LDm-12,101
NEESR-CR: Design of Soil and Structure Compatible Yielding to Improve System Performance,MAH01-1-LDm-14,102
NEESR-CR: Design of Soil and Structure Compatible Yielding to Improve System Performance,MAH01-1-LDm-15,103
NEESR-CR: Design of Soil and Structure Compatible Yielding to Improve System Performance,MAH01-1-LDm-16,104
NEESR-CR: Design of Soil and Structure Compatible Yielding to Improve System Performance,MAH01-1-LDm-17,105
NEESR-CR: Design of Soil and Structure Compatible Yielding to Improve System Performance,MAH01-1-LDm-18,106
NEESR-CR: Design of Soil and Structure Compatible Yielding to Improve System Performance,MAH01-1-LDm-20,107
NEESR-CR: Design of Soil and Structure Compatible Yielding to Improve System Performance,MAH01-1-LDm-21,108
NEESR-CR: Design of Soil and Structure Compatible Yielding to Improve System Performance,MAH01-1-LDm-22,109
Soil-Foundation-Structure Systems Beyond Conventional Seismic Failure Thresholds: Application to New or Existing Structures and Monuments,S2011SQF1-1-LS-2,111
Soil-Foundation-Structure Systems Beyond Conventional Seismic Failure Thresholds: Application to New or Existing Structures and Monuments,S2011SQF1-1-LS-3,112
Soil-Foundation-Structure Systems Beyond Conventional Seismic Failure Thresholds: Application to New or Existing Structures and Monuments,S2011SQF1-1-LS-4,113
Soil-Foundation-Structure Systems Beyond Conventional Seismic Failure Thresholds: Application to New or Existing Structures and Monuments,S2011SQF1-1-LS-5,114
Soil-Foundation-Structure Systems Beyond Conventional Seismic Failure Thresholds: Application to New or Existing Structures and Monuments,S2011SQF1-1-LS-6,115
Soil-Foundation-Structure Systems Beyond Conventional Seismic Failure Thresholds: Application to New or Existing Structures and Monuments,S2011SQF1-2-LS-1,116
Soil-Foundation-Structure Systems Beyond Conventional Seismic Failure Thresholds: Application to New or Existing Structures and Monuments,S2011SQF1-2-LS-2,117
Soil-Foundation-Structure Systems Beyond Conventional Seismic Failure Thresholds: Application to New or Existing Structures and Monuments,S2011SQF1-2-LS-3,118
Soil-Foundation-Structure Systems Beyond Conventional Seismic Failure Thresholds: Application to New or Existing Structures and Monuments,S2011SQF1-2-LS-4,119
Soil-Foundation-Structure Systems Beyond Conventional Seismic Failure Thresholds: Application to New or Existing Structures and Monuments,S2011SQF1-2-LS-5,120
Soil-Foundation-Structure Systems Beyond Conventional Seismic Failure Thresholds: Application to New or Existing Structures and Monuments,S2011SQF1-3-LS-1,121
Soil-Foundation-Structure Systems Beyond Conventional Seismic Failure Thresholds: Application to New or Existing Structures and Monuments,S2011SQF1-4-LS-1,122
Soil-Foundation-Structure Systems Beyond Conventional Seismic Failure Thresholds: Application to New or Existing Structures and Monuments,S2011SQF1-4-LS-2,123
Soil-Foundation-Structure Systems Beyond Conventional Seismic Failure Thresholds: Application to New or Existing Structures and Monuments,S2011SQF1-5-LS-1,124
Soil-Foundation-Structure Systems Beyond Conventional Seismic Failure Thresholds: Application to New or Existing Structures and Monuments,S2011SQF1-5-LS-2,125
Soil-Foundation-Structure Systems Beyond Conventional Seismic Failure Thresholds: Application to New or Existing Structures and Monuments,S2011SQF1-5-LS-3,126
Soil-Foundation-Structure Systems Beyond Conventional Seismic Failure Thresholds: Application to New or Existing Structures and Monuments,S2011SQF1-5-LS-4,127
Soil-Foundation-Structure Systems Beyond Conventional Seismic Failure Thresholds: Application to New or Existing Structures and Monuments,S2011SQF1-5-LS-5,128
Soil-Foundation-Structure Systems Beyond Conventional Seismic Failure Thresholds: Application to New or Existing Structures and Monuments,S2011SQF1-5-LS-6,129
Soil-Foundation-Structure Systems Beyond Conventional Seismic Failure Thresholds: Application to New or Existing Structures and Monuments,S2011SQF1-6-LS-1,130
Soil-Foundation-Structure Systems Beyond Conventional Seismic Failure Thresholds: Application to New or Existing Structures and Monuments,S2011SQF1-6-LS-2,131
Soil-Foundation-Structure Systems Beyond Conventional Seismic Failure Thresholds: Application to New or Existing Structures and Monuments,S2011SQF1-6-LS-3,132
Soil-Foundation-Structure Systems Beyond Conventional Seismic Failure Thresholds: Application to New or Existing Structures and Monuments,S2011SQF1-6-LS-4,133
Soil-Foundation-Structure Systems Beyond Conventional Seismic Failure Thresholds: Application to New or Existing Structures and Monuments,S2011SQF1-6-LS-5,134
Soil-Foundation-Structure Systems Beyond Conventional Seismic Failure Thresholds: Application to New or Existing Structures and Monuments,S2011SQF1-8-LS-1,135
Soil-Foundation-Structure Systems Beyond Conventional Seismic Failure Thresholds: Application to New or Existing Structures and Monuments,S2011SQF1-8-LS-2,136
Soil-Foundation-Structure Systems Beyond Conventional Seismic Failure Thresholds: Application to New or Existing Structures and Monuments,S2011SQF1-8-LS-3,137
Soil-Foundation-Structure Systems Beyond Conventional Seismic Failure Thresholds: Application to New or Existing Structures and Monuments,S2011SQF1-9-LS-1,138
Soil-Foundation-Structure Systems Beyond Conventional Seismic Failure Thresholds: Application to New or Existing Structures and Monuments,S2011SQF1-9-LS-2,139
Soil-Foundation-Structure Systems Beyond Conventional Seismic Failure Thresholds: Application to New or Existing Structures and Monuments,S2011SQF1-9-LS-3,140
Soil-Foundation-Structure Systems Beyond Conventional Seismic Failure Thresholds: Application to New or Existing Structures and Monuments,S2011SQF1-14-HS-1,141
Soil-Foundation-Structure Systems Beyond Conventional Seismic Failure Thresholds: Application to New or Existing Structures and Monuments,S2011SQF1-14-HS-2,142
Soil-Foundation-Structure Systems Beyond Conventional Seismic Failure Thresholds: Application to New or Existing Structures and Monuments,S2011SQF1-14-HS-3,143
Soil-Foundation-Structure Systems Beyond Conventional Seismic Failure Thresholds: Application to New or Existing Structures and Monuments,S2011SQF1-14-HS-4,144
Soil-Foundation-Structure Systems Beyond Conventional Seismic Failure Thresholds: Application to New or Existing Structures and Monuments,S2011SQF1-14-HS-5,145
Soil-Foundation-Structure Systems Beyond Conventional Seismic Failure Thresholds: Application to New or Existing Structures and Monuments,S2011SQF1-14-HS-6,146
Soil-Foundation-Structure Systems Beyond Conventional Seismic Failure Thresholds: Application to New or Existing Structures and Monuments,S2011SQF1-15-HS-1,147
Soil-Foundation-Structure Systems Beyond Conventional Seismic Failure Thresholds: Application to New or Existing Structures and Monuments,S2011SQF1-15-HS-2,148
Soil-Foundation-Structure Systems Beyond Conventional Seismic Failure Thresholds: Application to New or Existing Structures and Monuments,S2011SQF1-16-HS-1,149
Soil-Foundation-Structure Systems Beyond Conventional Seismic Failure Thresholds: Application to New or Existing Structures and Monuments,S2011SQF1-16-HS-2,150
Soil-Foundation-Structure Systems Beyond Conventional Seismic Failure Thresholds: Application to New or Existing Structures and Monuments,S2011SQF1-16-HS-3,151
Soil-Foundation-Structure Systems Beyond Conventional Seismic Failure Thresholds: Application to New or Existing Structures and Monuments,S2011SQF1-16-HS-4,152
Soil-Foundation-Structure Systems Beyond Conventional Seismic Failure Thresholds: Application to New or Existing Structures and Monuments,S2011SQF1-16-HS-5,153
Soil-Foundation-Structure Systems Beyond Conventional Seismic Failure Thresholds: Application to New or Existing Structures and Monuments,S2011SQF1-16-HS-6,154
Soil-Foundation-Structure Systems Beyond Conventional Seismic Failure Thresholds: Application to New or Existing Structures and Monuments,S2011SQF1-17-HS-1,155
Soil-Foundation-Structure Systems Beyond Conventional Seismic Failure Thresholds: Application to New or Existing Structures and Monuments,S2011SQF1-17-HS-2,156
Soil-Foundation-Structure Systems Beyond Conventional Seismic Failure Thresholds: Application to New or Existing Structures and Monuments,S2011SQF1-17-HS-3,157
Soil-Foundation-Structure Systems Beyond Conventional Seismic Failure Thresholds: Application to New or Existing Structures and Monuments,S2011SQF1-17-HS-4,158
Analytical and Experimental Development of Bridges with Foundations Allowed to Uplift During Earthquakes,UCSD-1-AS-2,159
Analytical and Experimental Development of Bridges with Foundations Allowed to Uplift During Earthquakes,UCSD-1-AS-4,160
Analytical and Experimental Development of Bridges with Foundations Allowed to Uplift During Earthquakes,UCSD-1-AS-6,161
Analytical and Experimental Development of Bridges with Foundations Allowed to Uplift During Earthquakes,UCSD-1-AS-8,162
Analytical and Experimental Development of Bridges with Foundations Allowed to Uplift During Earthquakes,UCSD-1-AS-10,163
Analytical and Experimental Development of Bridges with Foundations Allowed to Uplift During Earthquakes,UCSD-1-AS-12,164
Analytical and Experimental Development of Bridges with Foundations Allowed to Uplift During Earthquakes,UCSD-1-SS-2,165
Analytical and Experimental Development of Bridges with Foundations Allowed to Uplift During Earthquakes,UCSD-1-SS-4,166
Analytical and Experimental Development of Bridges with Foundations Allowed to Uplift During Earthquakes,UCSD-1-SS-6,167
Analytical and Experimental Development of Bridges with Foundations Allowed to Uplift During Earthquakes,UCSD-1-SS-8,168
Analytical and Experimental Development of Bridges with Foundations Allowed to Uplift During Earthquakes,UCSD-1-SS-10,169
Analytical and Experimental Development of Bridges with Foundations Allowed to Uplift During Earthquakes,UCSD-1-SS-12,170
Analytical and Experimental Development of Bridges with Foundations Allowed to Uplift During Earthquakes,UCSD-2-AS-2,171
Analytical and Experimental Development of Bridges with Foundations Allowed to Uplift During Earthquakes,UCSD-2-AS-4,172
Analytical and Experimental Development of Bridges with Foundations Allowed to Uplift During Earthquakes,UCSD-2-AS-6,173
Analytical and Experimental Development of Bridges with Foundations Allowed to Uplift During Earthquakes,UCSD-2-AS-8,174
Analytical and Experimental Development of Bridges with Foundations Allowed to Uplift During Earthquakes,UCSD-2-AS-10,175
Analytical and Experimental Development of Bridges with Foundations Allowed to Uplift During Earthquakes,UCSD-2-AS-12,176
Analytical and Experimental Development of Bridges with Foundations Allowed to Uplift During Earthquakes,UCSD-2-SS-2,177
Analytical and Experimental Development of Bridges with Foundations Allowed to Uplift During Earthquakes,UCSD-2-SS-4,178
Analytical and Experimental Development of Bridges with Foundations Allowed to Uplift During Earthquakes,UCSD-2-SS-6,179
Analytical and Experimental Development of Bridges with Foundations Allowed to Uplift During Earthquakes,UCSD-2-SS-8,180
Analytical and Experimental Development of Bridges with Foundations Allowed to Uplift During Earthquakes,UCSD-2-SS-10,181
Analytical and Experimental Development of Bridges with Foundations Allowed to Uplift During Earthquakes,UCSD-2-SS-12,182
Analytical and Experimental Development of Bridges with Foundations Allowed to Uplift During Earthquakes,UCSD-3-AS-2,183
Analytical and Experimental Development of Bridges with Foundations Allowed to Uplift During Earthquakes,UCSD-3-AS-4,184
Analytical and Experimental Development of Bridges with Foundations Allowed to Uplift During Earthquakes,UCSD-3-AS-6,185
Analytical and Experimental Development of Bridges with Foundations Allowed to Uplift During Earthquakes,UCSD-3-AS-8,186
Analytical and Experimental Development of Bridges with Foundations Allowed to Uplift During Earthquakes,UCSD-3-AS-10,187
Analytical and Experimental Development of Bridges with Foundations Allowed to Uplift During Earthquakes,UCSD-3-AS-12,188
Analytical and Experimental Development of Bridges with Foundations Allowed to Uplift During Earthquakes,UCSD-3-AS-14,189
Analytical and Experimental Development of Bridges with Foundations Allowed to Uplift During Earthquakes,UCSD-3-AS-16,190
Analytical and Experimental Development of Bridges with Foundations Allowed to Uplift During Earthquakes,UCSD-3-AS-18,191
Analytical and Experimental Development of Bridges with Foundations Allowed to Uplift During Earthquakes,UCSD-3-SS-2,192
Analytical and Experimental Development of Bridges with Foundations Allowed to Uplift During Earthquakes,UCSD-3-SS-4,193
Analytical and Experimental Development of Bridges with Foundations Allowed to Uplift During Earthquakes,UCSD-3-SS-6,194
Analytical and Experimental Development of Bridges with Foundations Allowed to Uplift During Earthquakes,UCSD-3-SS-8,195
Analytical and Experimental Development of Bridges with Foundations Allowed to Uplift During Earthquakes,UCSD-3-SS-10,196
Analytical and Experimental Development of Bridges with Foundations Allowed to Uplift During Earthquakes,UCSD-3-SS-12,197
Analytical and Experimental Development of Bridges with Foundations Allowed to Uplift During Earthquakes,UCSD-3-SS-14,198
Analytical and Experimental Development of Bridges with Foundations Allowed to Uplift During Earthquakes,UCSD-3-SS-16,199
Analytical and Experimental Development of Bridges with Foundations Allowed to Uplift During Earthquakes,UCSD-3-SS-18,200
